2026-05-21T15:49:41.9342948Z State: Starting, Action: EstablishingSiteNetworks, LastError: , LastErrorTimestamp: 01/01/0001 00:00:00, LastErrorDetails: , Details: , DetailsLevel: INFO
2026-05-21T15:49:43.8105708Z State: Starting, Action: StartingSiteContainers, LastError: , LastErrorTimestamp: 01/01/0001 00:00:00, LastErrorDetails: , Details: , DetailsLevel: INFO
2026-05-21T15:49:43.8107258Z Container start method called.
2026-05-21T15:49:43.8118403Z State: Starting, Action: PullingImage, LastError: , LastErrorTimestamp: 01/01/0001 00:00:00, LastErrorDetails: , Details: Pulling image 10.1.0.5:13209/appsvc/python:3.11_20260504.4.tuxprod for app-evangelista-backend-19863., DetailsLevel: INFO
2026-05-21T15:49:43.8120304Z Establishing network.
2026-05-21T15:49:43.8121643Z Pulling image: appsvc/python:3.11_20260504.4.tuxprod.
2026-05-21T15:49:44.4449469Z Image appsvc/python:3.11_20260504.4.tuxprod is pulled from registry 10.1.0.5:13209
2026-05-21T15:49:44.4451150Z Container is starting.
2026-05-21T15:49:44.4451997Z State: Starting, Action: MountingVolumes, LastError: , LastErrorTimestamp: 01/01/0001 00:00:00, LastErrorDetails: , Details: Mounting volumes for app-evangelista-backend-19863., DetailsLevel: INFO
2026-05-21T15:49:44.4452937Z Establishing user namespace if not established already.
2026-05-21T15:49:44.4453909Z Establishing network if not established already.
2026-05-21T15:49:44.4455055Z Mounting volumes.
2026-05-21T15:49:44.4457322Z Nested mountpoint 
2026-05-21T15:49:44.4936194Z Nested mountpoint volatile/logs
2026-05-21T15:49:44.5665646Z Nested mountpoint 
2026-05-21T15:49:44.7681119Z Nested mountpoint 
2026-05-21T15:49:44.8082777Z Nested mountpoint 
2026-05-21T15:49:45.1402608Z State: Starting, Action: CreatingContainer, LastError: , LastErrorTimestamp: 01/01/0001 00:00:00, LastErrorDetails: , Details: Finished pulling container image and mounting volumes for app-evangelista-backend-19863. Allocatinng the rest of the container resources to finish container creation., DetailsLevel: INFO
2026-05-21T15:49:45.1406040Z Creating container.
2026-05-21T15:49:45.1407554Z Creating pipes for streaming container io.
2026-05-21T15:49:45.1408558Z Creating stdout named pipe at /podr/container/pipe/a64d3309337e_app-evangelista-backend-19863/stdout_b79cd010855a4e6188e5a277cb60b194.
2026-05-21T15:49:45.1436154Z Successfully created stdout named pipe at: /podr/container/pipe/a64d3309337e_app-evangelista-backend-19863/stdout_b79cd010855a4e6188e5a277cb60b194.
2026-05-21T15:49:45.1438085Z Opening named pipe /podr/container/pipe/a64d3309337e_app-evangelista-backend-19863/stdout_b79cd010855a4e6188e5a277cb60b194 for reading in non-blocking mode.
2026-05-21T15:49:45.1510452Z Successfully opened named pipe: /podr/container/pipe/a64d3309337e_app-evangelista-backend-19863/stdout_b79cd010855a4e6188e5a277cb60b194.
2026-05-21T15:49:45.1520597Z Successfully removed non-blocking flag from /podr/container/pipe/a64d3309337e_app-evangelista-backend-19863/stdout_b79cd010855a4e6188e5a277cb60b194.
2026-05-21T15:49:45.1524876Z Creating stderr named pipe at /podr/container/pipe/a64d3309337e_app-evangelista-backend-19863/stderr_820d2242fce846a4985c374ed2fa08ab.
2026-05-21T15:49:45.1526944Z Successfully created stderr named pipe at: /podr/container/pipe/a64d3309337e_app-evangelista-backend-19863/stderr_820d2242fce846a4985c374ed2fa08ab.
2026-05-21T15:49:45.1528292Z Opening named pipe /podr/container/pipe/a64d3309337e_app-evangelista-backend-19863/stderr_820d2242fce846a4985c374ed2fa08ab for reading in non-blocking mode.
2026-05-21T15:49:45.1529548Z Successfully opened named pipe: /podr/container/pipe/a64d3309337e_app-evangelista-backend-19863/stderr_820d2242fce846a4985c374ed2fa08ab.
2026-05-21T15:49:45.1530573Z Successfully removed non-blocking flag from /podr/container/pipe/a64d3309337e_app-evangelista-backend-19863/stderr_820d2242fce846a4985c374ed2fa08ab.
2026-05-21T15:49:45.1612891Z Creating container with image: appsvc/python:3.11_20260504.4.tuxprod from registry: 10.1.0.5:13209 and fully qualified image name: 10.1.0.5:13209/appsvc/python:3.11_20260504.4.tuxprod
2026-05-21T15:49:46.1991707Z Starting container: a64d3309337e_app-evangelista-backend-19863.
2026-05-21T15:49:46.4214390Z Starting watchers and probes.
2026-05-21T15:49:46.4307967Z Starting metrics collection.
2026-05-21T15:49:46.4317068Z Container is running.
2026-05-21T15:49:46.4329390Z State: Starting, Action: CreatingContainer, LastError: , LastErrorTimestamp: 01/01/0001 00:00:00, LastErrorDetails: , Details: Container app-evangelista-backend-19863 successfully created and is running., DetailsLevel: INFO
2026-05-21T15:49:46.7961651Z Container start method finished after 2984 ms.
2026-05-21T15:49:46.7976117Z State: Starting, Action: InitiatingSiteWarmUpProbe, LastError: , LastErrorTimestamp: 01/01/0001 00:00:00, LastErrorDetails: , Details: Container app-evangelista-backend-19863 successfully created and is running., DetailsLevel: INFO
2026-05-21T15:49:46.8272553Z State: Starting, Action: WaitingForSiteWarmUpProbeSuccess, LastError: , LastErrorTimestamp: 01/01/0001 00:00:00, LastErrorDetails: , Details: Pinging warmup path to ensure container is ready to receive requests., DetailsLevel: INFO
2026-05-21T15:50:25.7518813Z Container has finished running with exit code: 1.
2026-05-21T15:50:25.7994278Z Container is terminating. Grace period: 5 seconds.
2026-05-21T15:50:25.8470068Z Stop and delete container. Retry count = 0
2026-05-21T15:50:25.8561392Z Stopping container: a64d3309337e_app-evangelista-backend-19863.
2026-05-21T15:50:26.1046704Z Deleting container: a64d3309337e_app-evangelista-backend-19863. Retry count = 0
2026-05-21T15:50:26.5385056Z Container spec TerminationMessagePolicy  path 
2026-05-21T15:50:26.5566049Z Container is terminated. Total time elapsed: 754 ms.
2026-05-21T15:50:26.5578029Z Site container: app-evangelista-backend-19863 terminated during site startup.
2026-05-21T15:50:26.5756092Z State: Stopping, Action: CancellingStartup, LastError: , LastErrorTimestamp: 01/01/0001 00:00:00, LastErrorDetails: , Details: Site container: app-evangelista-backend-19863 terminated during site startup. Cancelling site startup., DetailsLevel: ERR
2026-05-21T15:50:26.6462138Z Site startup probe failed after 39.6938273 seconds.
2026-05-21T15:50:26.8546607Z State: Stopping, Action: CancellingStartup, LastError: ContainerTimeout, LastErrorTimestamp: 05/21/2026 15:50:26, LastErrorDetails: Container did not start within expected time limit of 230s. Please inspect your container logs for more details., Details: Site container: app-evangelista-backend-19863 terminated during site startup. Cancelling site startup., DetailsLevel: ERR
2026-05-21T15:50:26.9259770Z Failed to start site. Revert by stopping site.
2026-05-21T15:50:26.9652530Z State: Stopping, Action: StoppingSite, LastError: ContainerTimeout, LastErrorTimestamp: 05/21/2026 15:50:26, LastErrorDetails: Container did not start within expected time limit of 230s. Please inspect your container logs for more details., Details: Site container: app-evangelista-backend-19863 terminated during site startup. Cancelling site startup., DetailsLevel: ERR
2026-05-21T15:50:27.0267186Z State: Stopping, Action: StoppingSiteContainers, LastError: ContainerTimeout, LastErrorTimestamp: 05/21/2026 15:50:26, LastErrorDetails: Container did not start within expected time limit of 230s. Please inspect your container logs for more details., Details: Site container: app-evangelista-backend-19863 terminated during site startup. Cancelling site startup., DetailsLevel: ERR
2026-05-21T15:50:27.0346015Z Site: app-evangelista-backend-19863 stopped.
2026-05-21T15:50:27.0584785Z State: Stopping, Action: UnmountingVolumes, LastError: ContainerTimeout, LastErrorTimestamp: 05/21/2026 15:50:26, LastErrorDetails: Container did not start within expected time limit of 230s. Please inspect your container logs for more details., Details: Site container: app-evangelista-backend-19863 terminated during site startup. Cancelling site startup., DetailsLevel: ERR
2026-05-21T15:50:27.7091776Z State: Stopping, Action: StoppingSiteNetworks, LastError: ContainerTimeout, LastErrorTimestamp: 05/21/2026 15:50:26, LastErrorDetails: Container did not start within expected time limit of 230s. Please inspect your container logs for more details., Details: Site container: app-evangelista-backend-19863 terminated during site startup. Cancelling site startup., DetailsLevel: ERR
2026-05-21T15:50:28.0353643Z State: Stopped, Action: None, LastError: ContainerTimeout, LastErrorTimestamp: 05/21/2026 15:50:26, LastErrorDetails: Container did not start within expected time limit of 230s. Please inspect your container logs for more details., Details: Site stopped at 05/21/2026 15:50:28 (UTC), DetailsLevel: ERR
2026-05-21T15:50:28.2230164Z State: Stopped, Action: None, LastError: ContainerTimeout, LastErrorTimestamp: 05/21/2026 15:50:26, LastErrorDetails: Container did not start within expected time limit of 230s. Please inspect your container logs for more details., Details: Site stopped at 05/21/2026 15:50:28 (UTC), DetailsLevel: ERR
2026-05-21T15:50:33.7014777Z State: Starting, Action: EstablishingSiteNetworks, LastError: ContainerTimeout, LastErrorTimestamp: 05/21/2026 15:50:26, LastErrorDetails: Container did not start within expected time limit of 230s. Please inspect your container logs for more details., Details: Site stopped at 05/21/2026 15:50:28 (UTC), DetailsLevel: ERR
2026-05-21T15:50:35.5523970Z State: Starting, Action: StartingSiteContainers, LastError: ContainerTimeout, LastErrorTimestamp: 05/21/2026 15:50:26, LastErrorDetails: Container did not start within expected time limit of 230s. Please inspect your container logs for more details., Details: Site stopped at 05/21/2026 15:50:28 (UTC), DetailsLevel: ERR
2026-05-21T15:50:35.5525453Z Container start method called.
2026-05-21T15:50:35.5526031Z State: Starting, Action: PullingImage, LastError: ContainerTimeout, LastErrorTimestamp: 05/21/2026 15:50:26, LastErrorDetails: Container did not start within expected time limit of 230s. Please inspect your container logs for more details., Details: Pulling image 10.1.0.5:13209/appsvc/python:3.11_20260504.4.tuxprod for app-evangelista-backend-19863., DetailsLevel: INFO
2026-05-21T15:50:35.5526984Z Establishing network.
2026-05-21T15:50:35.5528159Z Pulling image: appsvc/python:3.11_20260504.4.tuxprod.
2026-05-21T15:50:35.8405909Z Container is starting.
2026-05-21T15:50:35.8479321Z State: Starting, Action: MountingVolumes, LastError: ContainerTimeout, LastErrorTimestamp: 05/21/2026 15:50:26, LastErrorDetails: Container did not start within expected time limit of 230s. Please inspect your container logs for more details., Details: Mounting volumes for app-evangelista-backend-19863., DetailsLevel: INFO
2026-05-21T15:50:35.8571494Z Establishing user namespace if not established already.
2026-05-21T15:50:35.8574831Z Establishing network if not established already.
2026-05-21T15:50:35.8576626Z Mounting volumes.
2026-05-21T15:50:35.8579007Z Nested mountpoint 
2026-05-21T15:50:35.8696231Z Nested mountpoint volatile/logs
2026-05-21T15:50:35.9000191Z Nested mountpoint 
2026-05-21T15:50:36.0349803Z Nested mountpoint 
2026-05-21T15:50:36.0878392Z Nested mountpoint 
2026-05-21T15:50:36.4869610Z State: Starting, Action: CreatingContainer, LastError: ContainerTimeout, LastErrorTimestamp: 05/21/2026 15:50:26, LastErrorDetails: Container did not start within expected time limit of 230s. Please inspect your container logs for more details., Details: Finished pulling container image and mounting volumes for app-evangelista-backend-19863. Allocatinng the rest of the container resources to finish container creation., DetailsLevel: INFO
2026-05-21T15:50:36.4870843Z Creating container.
2026-05-21T15:50:36.4871864Z Creating pipes for streaming container io.
2026-05-21T15:50:36.5433707Z Creating stdout named pipe at /podr/container/pipe/b1c74976c97c_app-evangelista-backend-19863/stdout_ec22ce2ac932417383ad0f975be04cc9.
2026-05-21T15:50:36.5439915Z Successfully created stdout named pipe at: /podr/container/pipe/b1c74976c97c_app-evangelista-backend-19863/stdout_ec22ce2ac932417383ad0f975be04cc9.
2026-05-21T15:50:36.5441140Z Opening named pipe /podr/container/pipe/b1c74976c97c_app-evangelista-backend-19863/stdout_ec22ce2ac932417383ad0f975be04cc9 for reading in non-blocking mode.
2026-05-21T15:50:36.5442362Z Successfully opened named pipe: /podr/container/pipe/b1c74976c97c_app-evangelista-backend-19863/stdout_ec22ce2ac932417383ad0f975be04cc9.
2026-05-21T15:50:36.5443402Z Successfully removed non-blocking flag from /podr/container/pipe/b1c74976c97c_app-evangelista-backend-19863/stdout_ec22ce2ac932417383ad0f975be04cc9.
2026-05-21T15:50:36.5566525Z Creating stderr named pipe at /podr/container/pipe/b1c74976c97c_app-evangelista-backend-19863/stderr_301eb722b7ff483b9a61a6866866dc5f.
2026-05-21T15:50:36.5637924Z Successfully created stderr named pipe at: /podr/container/pipe/b1c74976c97c_app-evangelista-backend-19863/stderr_301eb722b7ff483b9a61a6866866dc5f.
2026-05-21T15:50:36.5643638Z Opening named pipe /podr/container/pipe/b1c74976c97c_app-evangelista-backend-19863/stderr_301eb722b7ff483b9a61a6866866dc5f for reading in non-blocking mode.
2026-05-21T15:50:36.5648386Z Successfully opened named pipe: /podr/container/pipe/b1c74976c97c_app-evangelista-backend-19863/stderr_301eb722b7ff483b9a61a6866866dc5f.
2026-05-21T15:50:36.5651486Z Successfully removed non-blocking flag from /podr/container/pipe/b1c74976c97c_app-evangelista-backend-19863/stderr_301eb722b7ff483b9a61a6866866dc5f.
2026-05-21T15:50:36.5656061Z Creating container with image: appsvc/python:3.11_20260504.4.tuxprod from registry: 10.1.0.5:13209 and fully qualified image name: 10.1.0.5:13209/appsvc/python:3.11_20260504.4.tuxprod
2026-05-21T15:50:37.6954523Z Starting container: b1c74976c97c_app-evangelista-backend-19863.
2026-05-21T15:50:37.8690302Z Starting watchers and probes.
2026-05-21T15:50:37.8696217Z Starting metrics collection.
2026-05-21T15:50:37.8697768Z Container is running.
2026-05-21T15:50:37.8698908Z State: Starting, Action: CreatingContainer, LastError: ContainerTimeout, LastErrorTimestamp: 05/21/2026 15:50:26, LastErrorDetails: Container did not start within expected time limit of 230s. Please inspect your container logs for more details., Details: Container app-evangelista-backend-19863 successfully created and is running., DetailsLevel: INFO
2026-05-21T15:50:38.1395574Z Container start method finished after 2586 ms.
2026-05-21T15:50:38.1403692Z State: Starting, Action: InitiatingSiteWarmUpProbe, LastError: ContainerTimeout, LastErrorTimestamp: 05/21/2026 15:50:26, LastErrorDetails: Container did not start within expected time limit of 230s. Please inspect your container logs for more details., Details: Container app-evangelista-backend-19863 successfully created and is running., DetailsLevel: INFO
2026-05-21T15:50:38.1411532Z State: Starting, Action: WaitingForSiteWarmUpProbeSuccess, LastError: ContainerTimeout, LastErrorTimestamp: 05/21/2026 15:50:26, LastErrorDetails: Container did not start within expected time limit of 230s. Please inspect your container logs for more details., Details: Pinging warmup path to ensure container is ready to receive requests., DetailsLevel: INFO
2026-05-21T15:51:08.0175202Z Container has finished running with exit code: 1.
2026-05-21T15:51:08.0186024Z Container is terminating. Grace period: 5 seconds.
2026-05-21T15:51:08.0274310Z Stop and delete container. Retry count = 0
2026-05-21T15:51:08.0275666Z Stopping container: b1c74976c97c_app-evangelista-backend-19863.
2026-05-21T15:51:08.1592598Z Deleting container: b1c74976c97c_app-evangelista-backend-19863. Retry count = 0
2026-05-21T15:51:08.6294676Z Container spec TerminationMessagePolicy  path 
2026-05-21T15:51:08.6399939Z Container is terminated. Total time elapsed: 610 ms.
2026-05-21T15:51:08.7143186Z Site container: app-evangelista-backend-19863 terminated during site startup.
2026-05-21T15:51:08.7146518Z State: Stopping, Action: CancellingStartup, LastError: ContainerTimeout, LastErrorTimestamp: 05/21/2026 15:50:26, LastErrorDetails: Container did not start within expected time limit of 230s. Please inspect your container logs for more details., Details: Site container: app-evangelista-backend-19863 terminated during site startup. Cancelling site startup., DetailsLevel: ERR
2026-05-21T15:51:08.8234871Z Site startup probe failed after 30.5185065 seconds.
2026-05-21T15:51:09.8530019Z State: Stopping, Action: CancellingStartup, LastError: ContainerTimeout, LastErrorTimestamp: 05/21/2026 15:51:09, LastErrorDetails: Container did not start within expected time limit of 230s. Please inspect your container logs for more details., Details: Site container: app-evangelista-backend-19863 terminated during site startup. Cancelling site startup., DetailsLevel: ERR
2026-05-21T15:51:09.8546268Z Failed to start site. Revert by stopping site.
2026-05-21T15:51:09.8736348Z State: Stopping, Action: StoppingSite, LastError: ContainerTimeout, LastErrorTimestamp: 05/21/2026 15:51:09, LastErrorDetails: Container did not start within expected time limit of 230s. Please inspect your container logs for more details., Details: Site container: app-evangelista-backend-19863 terminated during site startup. Cancelling site startup., DetailsLevel: ERR
2026-05-21T15:51:09.8941989Z State: Stopping, Action: StoppingSiteContainers, LastError: ContainerTimeout, LastErrorTimestamp: 05/21/2026 15:51:09, LastErrorDetails: Container did not start within expected time limit of 230s. Please inspect your container logs for more details., Details: Site container: app-evangelista-backend-19863 terminated during site startup. Cancelling site startup., DetailsLevel: ERR
2026-05-21T15:51:09.8942709Z Site: app-evangelista-backend-19863 stopped.
2026-05-21T15:51:09.9342050Z State: Stopping, Action: UnmountingVolumes, LastError: ContainerTimeout, LastErrorTimestamp: 05/21/2026 15:51:09, LastErrorDetails: Container did not start within expected time limit of 230s. Please inspect your container logs for more details., Details: Site container: app-evangelista-backend-19863 terminated during site startup. Cancelling site startup., DetailsLevel: ERR
2026-05-21T15:51:11.1447553Z State: Stopping, Action: StoppingSiteNetworks, LastError: ContainerTimeout, LastErrorTimestamp: 05/21/2026 15:51:09, LastErrorDetails: Container did not start within expected time limit of 230s. Please inspect your container logs for more details., Details: Site container: app-evangelista-backend-19863 terminated during site startup. Cancelling site startup., DetailsLevel: ERR
2026-05-21T15:51:12.9917616Z Site: app-evangelista-backend-19863 will be blocked for 1 minutes till 05/21/2026 15:52:12
2026-05-21T15:51:12.9926782Z State: Blocked, Action: StoppingSiteNetworks, LastError: ContainerTimeout, LastErrorTimestamp: 05/21/2026 15:51:09, LastErrorDetails: Container did not start within expected time limit of 230s. Please inspect your container logs for more details., Details: Site: app-evangelista-backend-19863 will be blocked for 1 minutes till 05/21/2026 15:52:12, DetailsLevel: WARN
2026-05-21T15:51:13.2591364Z State: Stopped, Action: None, LastError: ContainerTimeout, LastErrorTimestamp: 05/21/2026 15:51:09, LastErrorDetails: Container did not start within expected time limit of 230s. Please inspect your container logs for more details., Details: Site stopped at 05/21/2026 15:51:13 (UTC), DetailsLevel: WARN
2026-05-21T15:51:14.0494407Z State: Stopped, Action: None, LastError: ContainerTimeout, LastErrorTimestamp: 05/21/2026 15:51:09, LastErrorDetails: Container did not start within expected time limit of 230s. Please inspect your container logs for more details., Details: Site stopped at 05/21/2026 15:51:13 (UTC), DetailsLevel: WARN
2026-05-21T15:51:15.1471941Z State: Blocked, Action: None, LastError: ContainerTimeout, LastErrorTimestamp: 05/21/2026 15:51:09, LastErrorDetails: Container did not start within expected time limit of 230s. Please inspect your container logs for more details., Details: Site is blocked due to multiple, consecutive cold start failures. Site scheduled to be unblocked at 05/21/2026 15:52:12, DetailsLevel: WARN
2026-05-21T15:51:15.1472432Z Start site prohibitted because the site is being blocked.
2026-05-21T15:51:18.9825912Z State: Blocked, Action: None, LastError: ContainerTimeout, LastErrorTimestamp: 05/21/2026 15:51:09, LastErrorDetails: Container did not start within expected time limit of 230s. Please inspect your container logs for more details., Details: Site is blocked due to multiple, consecutive cold start failures. Site scheduled to be unblocked at 05/21/2026 15:52:12, DetailsLevel: WARN
2026-05-21T15:51:18.9826278Z Start site prohibitted because the site is being blocked.
2026-05-21T15:51:24.4642519Z State: Blocked, Action: None, LastError: ContainerTimeout, LastErrorTimestamp: 05/21/2026 15:51:09, LastErrorDetails: Container did not start within expected time limit of 230s. Please inspect your container logs for more details., Details: Site is blocked due to multiple, consecutive cold start failures. Site scheduled to be unblocked at 05/21/2026 15:52:12, DetailsLevel: WARN
2026-05-21T15:51:24.4649189Z Start site prohibitted because the site is being blocked.
2026-05-21T15:51:29.7670941Z State: Blocked, Action: None, LastError: ContainerTimeout, LastErrorTimestamp: 05/21/2026 15:51:09, LastErrorDetails: Container did not start within expected time limit of 230s. Please inspect your container logs for more details., Details: Site is blocked due to multiple, consecutive cold start failures. Site scheduled to be unblocked at 05/21/2026 15:52:12, DetailsLevel: WARN
2026-05-21T15:51:29.7671825Z Start site prohibitted because the site is being blocked.
2026-05-21T15:51:35.0643898Z State: Blocked, Action: None, LastError: ContainerTimeout, LastErrorTimestamp: 05/21/2026 15:51:09, LastErrorDetails: Container did not start within expected time limit of 230s. Please inspect your container logs for more details., Details: Site is blocked due to multiple, consecutive cold start failures. Site scheduled to be unblocked at 05/21/2026 15:52:12, DetailsLevel: WARN
2026-05-21T15:51:35.0653338Z Start site prohibitted because the site is being blocked.
2026-05-21T15:51:40.2978252Z State: Blocked, Action: None, LastError: ContainerTimeout, LastErrorTimestamp: 05/21/2026 15:51:09, LastErrorDetails: Container did not start within expected time limit of 230s. Please inspect your container logs for more details., Details: Site is blocked due to multiple, consecutive cold start failures. Site scheduled to be unblocked at 05/21/2026 15:52:12, DetailsLevel: WARN
2026-05-21T15:51:40.2978581Z Start site prohibitted because the site is being blocked.
2026-05-21T15:51:45.6487093Z State: Blocked, Action: None, LastError: ContainerTimeout, LastErrorTimestamp: 05/21/2026 15:51:09, LastErrorDetails: Container did not start within expected time limit of 230s. Please inspect your container logs for more details., Details: Site is blocked due to multiple, consecutive cold start failures. Site scheduled to be unblocked at 05/21/2026 15:52:12, DetailsLevel: WARN
2026-05-21T15:51:45.6548128Z Start site prohibitted because the site is being blocked.
2026-05-21T15:51:50.8435348Z State: Blocked, Action: None, LastError: ContainerTimeout, LastErrorTimestamp: 05/21/2026 15:51:09, LastErrorDetails: Container did not start within expected time limit of 230s. Please inspect your container logs for more details., Details: Site is blocked due to multiple, consecutive cold start failures. Site scheduled to be unblocked at 05/21/2026 15:52:12, DetailsLevel: WARN
2026-05-21T15:51:50.8438707Z Start site prohibitted because the site is being blocked.
2026-05-21T15:51:56.1857702Z State: Blocked, Action: None, LastError: ContainerTimeout, LastErrorTimestamp: 05/21/2026 15:51:09, LastErrorDetails: Container did not start within expected time limit of 230s. Please inspect your container logs for more details., Details: Site is blocked due to multiple, consecutive cold start failures. Site scheduled to be unblocked at 05/21/2026 15:52:12, DetailsLevel: WARN
2026-05-21T15:51:56.1858146Z Start site prohibitted because the site is being blocked.
2026-05-21T15:52:01.4225480Z State: Blocked, Action: None, LastError: ContainerTimeout, LastErrorTimestamp: 05/21/2026 15:51:09, LastErrorDetails: Container did not start within expected time limit of 230s. Please inspect your container logs for more details., Details: Site is blocked due to multiple, consecutive cold start failures. Site scheduled to be unblocked at 05/21/2026 15:52:12, DetailsLevel: WARN
2026-05-21T15:52:01.4228317Z Start site prohibitted because the site is being blocked.
2026-05-21T15:52:06.6231241Z State: Blocked, Action: None, LastError: ContainerTimeout, LastErrorTimestamp: 05/21/2026 15:51:09, LastErrorDetails: Container did not start within expected time limit of 230s. Please inspect your container logs for more details., Details: Site is blocked due to multiple, consecutive cold start failures. Site scheduled to be unblocked at 05/21/2026 15:52:12, DetailsLevel: WARN
2026-05-21T15:52:06.6231583Z Start site prohibitted because the site is being blocked.
2026-05-21T15:52:11.8585706Z State: Blocked, Action: None, LastError: ContainerTimeout, LastErrorTimestamp: 05/21/2026 15:51:09, LastErrorDetails: Container did not start within expected time limit of 230s. Please inspect your container logs for more details., Details: Site is blocked due to multiple, consecutive cold start failures. Site scheduled to be unblocked at 05/21/2026 15:52:12, DetailsLevel: WARN
2026-05-21T15:52:11.8589125Z Start site prohibitted because the site is being blocked.
2026-05-21T15:52:13.2202629Z Site: app-evangelista-backend-19863 is unblocked.
2026-05-21T15:52:17.1761281Z State: Starting, Action: EstablishingSiteNetworks, LastError: ContainerTimeout, LastErrorTimestamp: 05/21/2026 15:51:09, LastErrorDetails: Container did not start within expected time limit of 230s. Please inspect your container logs for more details., Details: Site is blocked due to multiple, consecutive cold start failures. Site scheduled to be unblocked at 05/21/2026 15:52:12, DetailsLevel: WARN
2026-05-21T15:52:20.6760625Z State: Starting, Action: StartingSiteContainers, LastError: ContainerTimeout, LastErrorTimestamp: 05/21/2026 15:51:09, LastErrorDetails: Container did not start within expected time limit of 230s. Please inspect your container logs for more details., Details: Site is blocked due to multiple, consecutive cold start failures. Site scheduled to be unblocked at 05/21/2026 15:52:12, DetailsLevel: WARN
2026-05-21T15:52:20.6762198Z Container start method called.
2026-05-21T15:52:20.6770369Z State: Starting, Action: PullingImage, LastError: ContainerTimeout, LastErrorTimestamp: 05/21/2026 15:51:09, LastErrorDetails: Container did not start within expected time limit of 230s. Please inspect your container logs for more details., Details: Pulling image 10.1.0.5:13209/appsvc/python:3.11_20260504.4.tuxprod for app-evangelista-backend-19863., DetailsLevel: INFO
2026-05-21T15:52:20.6778656Z Establishing network.
2026-05-21T15:52:20.6780889Z Pulling image: appsvc/python:3.11_20260504.4.tuxprod.
2026-05-21T15:52:21.5931175Z Container is starting.
2026-05-21T15:52:21.5932301Z State: Starting, Action: MountingVolumes, LastError: ContainerTimeout, LastErrorTimestamp: 05/21/2026 15:51:09, LastErrorDetails: Container did not start within expected time limit of 230s. Please inspect your container logs for more details., Details: Mounting volumes for app-evangelista-backend-19863., DetailsLevel: INFO
2026-05-21T15:52:21.5933281Z Establishing user namespace if not established already.
2026-05-21T15:52:21.5934291Z Establishing network if not established already.
2026-05-21T15:52:21.5935417Z Mounting volumes.
2026-05-21T15:52:21.5937045Z Nested mountpoint 
2026-05-21T15:52:21.6526827Z Nested mountpoint volatile/logs
2026-05-21T15:52:21.7630305Z Nested mountpoint 
2026-05-21T15:52:21.7912472Z Nested mountpoint 
2026-05-21T15:52:22.0094265Z Nested mountpoint 
2026-05-21T15:52:23.0901320Z State: Starting, Action: CreatingContainer, LastError: ContainerTimeout, LastErrorTimestamp: 05/21/2026 15:51:09, LastErrorDetails: Container did not start within expected time limit of 230s. Please inspect your container logs for more details., Details: Finished pulling container image and mounting volumes for app-evangelista-backend-19863. Allocatinng the rest of the container resources to finish container creation., DetailsLevel: INFO
2026-05-21T15:52:23.0909333Z Creating container.
2026-05-21T15:52:23.1591308Z Creating pipes for streaming container io.
2026-05-21T15:52:23.1669787Z Creating stdout named pipe at /podr/container/pipe/e61cc487e3f5_app-evangelista-backend-19863/stdout_5f853235cda4432fb14e71390ecd13e3.
2026-05-21T15:52:23.1753751Z Successfully created stdout named pipe at: /podr/container/pipe/e61cc487e3f5_app-evangelista-backend-19863/stdout_5f853235cda4432fb14e71390ecd13e3.
2026-05-21T15:52:23.1758258Z Opening named pipe /podr/container/pipe/e61cc487e3f5_app-evangelista-backend-19863/stdout_5f853235cda4432fb14e71390ecd13e3 for reading in non-blocking mode.
2026-05-21T15:52:23.1761381Z Successfully opened named pipe: /podr/container/pipe/e61cc487e3f5_app-evangelista-backend-19863/stdout_5f853235cda4432fb14e71390ecd13e3.
2026-05-21T15:52:23.1762987Z Successfully removed non-blocking flag from /podr/container/pipe/e61cc487e3f5_app-evangelista-backend-19863/stdout_5f853235cda4432fb14e71390ecd13e3.
2026-05-21T15:52:23.1769604Z Creating stderr named pipe at /podr/container/pipe/e61cc487e3f5_app-evangelista-backend-19863/stderr_c53f19f6d15c46e99aa10bf21429ab2a.
2026-05-21T15:52:23.1772249Z Successfully created stderr named pipe at: /podr/container/pipe/e61cc487e3f5_app-evangelista-backend-19863/stderr_c53f19f6d15c46e99aa10bf21429ab2a.
2026-05-21T15:52:23.1773363Z Opening named pipe /podr/container/pipe/e61cc487e3f5_app-evangelista-backend-19863/stderr_c53f19f6d15c46e99aa10bf21429ab2a for reading in non-blocking mode.
2026-05-21T15:52:23.1774534Z Successfully opened named pipe: /podr/container/pipe/e61cc487e3f5_app-evangelista-backend-19863/stderr_c53f19f6d15c46e99aa10bf21429ab2a.
2026-05-21T15:52:23.1775576Z Successfully removed non-blocking flag from /podr/container/pipe/e61cc487e3f5_app-evangelista-backend-19863/stderr_c53f19f6d15c46e99aa10bf21429ab2a.
2026-05-21T15:52:23.1927083Z Creating container with image: appsvc/python:3.11_20260504.4.tuxprod from registry: 10.1.0.5:13209 and fully qualified image name: 10.1.0.5:13209/appsvc/python:3.11_20260504.4.tuxprod
2026-05-21T15:52:25.2235014Z Starting container: e61cc487e3f5_app-evangelista-backend-19863.
2026-05-21T15:52:25.4237736Z Starting watchers and probes.
2026-05-21T15:52:25.4625198Z Starting metrics collection.
2026-05-21T15:52:25.4639850Z Container is running.
2026-05-21T15:52:25.4641092Z State: Starting, Action: CreatingContainer, LastError: ContainerTimeout, LastErrorTimestamp: 05/21/2026 15:51:09, LastErrorDetails: Container did not start within expected time limit of 230s. Please inspect your container logs for more details., Details: Container app-evangelista-backend-19863 successfully created and is running., DetailsLevel: INFO
2026-05-21T15:52:25.8587413Z Container start method finished after 5182 ms.
2026-05-21T15:52:25.8679992Z State: Starting, Action: InitiatingSiteWarmUpProbe, LastError: ContainerTimeout, LastErrorTimestamp: 05/21/2026 15:51:09, LastErrorDetails: Container did not start within expected time limit of 230s. Please inspect your container logs for more details., Details: Container app-evangelista-backend-19863 successfully created and is running., DetailsLevel: INFO
2026-05-21T15:52:25.8681181Z State: Starting, Action: WaitingForSiteWarmUpProbeSuccess, LastError: ContainerTimeout, LastErrorTimestamp: 05/21/2026 15:51:09, LastErrorDetails: Container did not start within expected time limit of 230s. Please inspect your container logs for more details., Details: Pinging warmup path to ensure container is ready to receive requests., DetailsLevel: INFO
2026-05-21T15:53:07.0278249Z Container has finished running with exit code: 1.
2026-05-21T15:53:07.0280375Z Container is terminating. Grace period: 5 seconds.
2026-05-21T15:53:07.0374101Z Stop and delete container. Retry count = 0
2026-05-21T15:53:07.0379710Z Stopping container: e61cc487e3f5_app-evangelista-backend-19863.
2026-05-21T15:53:07.3333236Z Deleting container: e61cc487e3f5_app-evangelista-backend-19863. Retry count = 0
2026-05-21T15:53:07.8417199Z Container spec TerminationMessagePolicy  path 
2026-05-21T15:53:07.8484555Z Container is terminated. Total time elapsed: 819 ms.
2026-05-21T15:53:07.8486462Z Site container: app-evangelista-backend-19863 terminated during site startup.
2026-05-21T15:53:07.8577020Z State: Stopping, Action: CancellingStartup, LastError: ContainerTimeout, LastErrorTimestamp: 05/21/2026 15:51:09, LastErrorDetails: Container did not start within expected time limit of 230s. Please inspect your container logs for more details., Details: Site container: app-evangelista-backend-19863 terminated during site startup. Cancelling site startup., DetailsLevel: ERR
2026-05-21T15:53:07.8986794Z Site startup probe failed after 41.933294 seconds.
2026-05-21T15:53:08.6119149Z State: Stopping, Action: CancellingStartup, LastError: ContainerTimeout, LastErrorTimestamp: 05/21/2026 15:53:08, LastErrorDetails: Container did not start within expected time limit of 230s. Please inspect your container logs for more details., Details: Site container: app-evangelista-backend-19863 terminated during site startup. Cancelling site startup., DetailsLevel: ERR
2026-05-21T15:53:08.7011631Z Failed to start site. Revert by stopping site.
2026-05-21T15:53:08.7020679Z State: Stopping, Action: StoppingSite, LastError: ContainerTimeout, LastErrorTimestamp: 05/21/2026 15:53:08, LastErrorDetails: Container did not start within expected time limit of 230s. Please inspect your container logs for more details., Details: Site container: app-evangelista-backend-19863 terminated during site startup. Cancelling site startup., DetailsLevel: ERR
2026-05-21T15:53:08.7521350Z State: Stopping, Action: StoppingSiteContainers, LastError: ContainerTimeout, LastErrorTimestamp: 05/21/2026 15:53:08, LastErrorDetails: Container did not start within expected time limit of 230s. Please inspect your container logs for more details., Details: Site container: app-evangelista-backend-19863 terminated during site startup. Cancelling site startup., DetailsLevel: ERR
2026-05-21T15:53:08.7521969Z Site: app-evangelista-backend-19863 stopped.
2026-05-21T15:53:08.7916765Z State: Stopping, Action: UnmountingVolumes, LastError: ContainerTimeout, LastErrorTimestamp: 05/21/2026 15:53:08, LastErrorDetails: Container did not start within expected time limit of 230s. Please inspect your container logs for more details., Details: Site container: app-evangelista-backend-19863 terminated during site startup. Cancelling site startup., DetailsLevel: ERR
2026-05-21T15:53:09.3977559Z State: Stopping, Action: StoppingSiteNetworks, LastError: ContainerTimeout, LastErrorTimestamp: 05/21/2026 15:53:08, LastErrorDetails: Container did not start within expected time limit of 230s. Please inspect your container logs for more details., Details: Site container: app-evangelista-backend-19863 terminated during site startup. Cancelling site startup., DetailsLevel: ERR
2026-05-21T15:53:09.8072954Z Site: app-evangelista-backend-19863 will be blocked for 1 minutes till 05/21/2026 15:54:09
2026-05-21T15:53:09.8171210Z State: Blocked, Action: StoppingSiteNetworks, LastError: ContainerTimeout, LastErrorTimestamp: 05/21/2026 15:53:08, LastErrorDetails: Container did not start within expected time limit of 230s. Please inspect your container logs for more details., Details: Site: app-evangelista-backend-19863 will be blocked for 1 minutes till 05/21/2026 15:54:09, DetailsLevel: WARN
2026-05-21T15:53:09.9427974Z State: Stopped, Action: None, LastError: ContainerTimeout, LastErrorTimestamp: 05/21/2026 15:53:08, LastErrorDetails: Container did not start within expected time limit of 230s. Please inspect your container logs for more details., Details: Site stopped at 05/21/2026 15:53:09 (UTC), DetailsLevel: WARN
2026-05-21T15:53:10.4395854Z State: Stopped, Action: None, LastError: ContainerTimeout, LastErrorTimestamp: 05/21/2026 15:53:08, LastErrorDetails: Container did not start within expected time limit of 230s. Please inspect your container logs for more details., Details: Site stopped at 05/21/2026 15:53:09 (UTC), DetailsLevel: WARN
2026-05-21T15:53:15.6594322Z State: Blocked, Action: None, LastError: ContainerTimeout, LastErrorTimestamp: 05/21/2026 15:53:08, LastErrorDetails: Container did not start within expected time limit of 230s. Please inspect your container logs for more details., Details: Site is blocked due to multiple, consecutive cold start failures. Site scheduled to be unblocked at 05/21/2026 15:54:09, DetailsLevel: WARN
2026-05-21T15:53:15.6600614Z Start site prohibitted because the site is being blocked.
2026-05-21T15:53:20.8874034Z State: Blocked, Action: None, LastError: ContainerTimeout, LastErrorTimestamp: 05/21/2026 15:53:08, LastErrorDetails: Container did not start within expected time limit of 230s. Please inspect your container logs for more details., Details: Site is blocked due to multiple, consecutive cold start failures. Site scheduled to be unblocked at 05/21/2026 15:54:09, DetailsLevel: WARN
2026-05-21T15:53:20.8874372Z Start site prohibitted because the site is being blocked.
2026-05-21T15:53:26.1917728Z State: Blocked, Action: None, LastError: ContainerTimeout, LastErrorTimestamp: 05/21/2026 15:53:08, LastErrorDetails: Container did not start within expected time limit of 230s. Please inspect your container logs for more details., Details: Site is blocked due to multiple, consecutive cold start failures. Site scheduled to be unblocked at 05/21/2026 15:54:09, DetailsLevel: WARN
2026-05-21T15:53:26.1920066Z Start site prohibitted because the site is being blocked.
2026-05-21T15:53:31.3765359Z State: Blocked, Action: None, LastError: ContainerTimeout, LastErrorTimestamp: 05/21/2026 15:53:08, LastErrorDetails: Container did not start within expected time limit of 230s. Please inspect your container logs for more details., Details: Site is blocked due to multiple, consecutive cold start failures. Site scheduled to be unblocked at 05/21/2026 15:54:09, DetailsLevel: WARN
2026-05-21T15:53:31.3767804Z Start site prohibitted because the site is being blocked.
2026-05-21T15:53:36.4731146Z State: Blocked, Action: None, LastError: ContainerTimeout, LastErrorTimestamp: 05/21/2026 15:53:08, LastErrorDetails: Container did not start within expected time limit of 230s. Please inspect your container logs for more details., Details: Site is blocked due to multiple, consecutive cold start failures. Site scheduled to be unblocked at 05/21/2026 15:54:09, DetailsLevel: WARN
2026-05-21T15:53:36.4746193Z Start site prohibitted because the site is being blocked.
2026-05-21T15:53:41.5853379Z State: Blocked, Action: None, LastError: ContainerTimeout, LastErrorTimestamp: 05/21/2026 15:53:08, LastErrorDetails: Container did not start within expected time limit of 230s. Please inspect your container logs for more details., Details: Site is blocked due to multiple, consecutive cold start failures. Site scheduled to be unblocked at 05/21/2026 15:54:09, DetailsLevel: WARN
2026-05-21T15:53:41.5856128Z Start site prohibitted because the site is being blocked.
2026-05-21T15:53:46.6997228Z State: Blocked, Action: None, LastError: ContainerTimeout, LastErrorTimestamp: 05/21/2026 15:53:08, LastErrorDetails: Container did not start within expected time limit of 230s. Please inspect your container logs for more details., Details: Site is blocked due to multiple, consecutive cold start failures. Site scheduled to be unblocked at 05/21/2026 15:54:09, DetailsLevel: WARN
2026-05-21T15:53:46.6999879Z Start site prohibitted because the site is being blocked.
2026-05-21T15:53:51.8747212Z State: Blocked, Action: None, LastError: ContainerTimeout, LastErrorTimestamp: 05/21/2026 15:53:08, LastErrorDetails: Container did not start within expected time limit of 230s. Please inspect your container logs for more details., Details: Site is blocked due to multiple, consecutive cold start failures. Site scheduled to be unblocked at 05/21/2026 15:54:09, DetailsLevel: WARN
2026-05-21T15:53:51.8749336Z Start site prohibitted because the site is being blocked.
2026-05-21T15:53:57.0173408Z State: Blocked, Action: None, LastError: ContainerTimeout, LastErrorTimestamp: 05/21/2026 15:53:08, LastErrorDetails: Container did not start within expected time limit of 230s. Please inspect your container logs for more details., Details: Site is blocked due to multiple, consecutive cold start failures. Site scheduled to be unblocked at 05/21/2026 15:54:09, DetailsLevel: WARN
2026-05-21T15:53:57.0247615Z Start site prohibitted because the site is being blocked.
2026-05-21T15:54:02.1397294Z State: Blocked, Action: None, LastError: ContainerTimeout, LastErrorTimestamp: 05/21/2026 15:53:08, LastErrorDetails: Container did not start within expected time limit of 230s. Please inspect your container logs for more details., Details: Site is blocked due to multiple, consecutive cold start failures. Site scheduled to be unblocked at 05/21/2026 15:54:09, DetailsLevel: WARN
2026-05-21T15:54:02.1397687Z Start site prohibitted because the site is being blocked.
2026-05-21T15:54:07.4339996Z State: Blocked, Action: None, LastError: ContainerTimeout, LastErrorTimestamp: 05/21/2026 15:53:08, LastErrorDetails: Container did not start within expected time limit of 230s. Please inspect your container logs for more details., Details: Site is blocked due to multiple, consecutive cold start failures. Site scheduled to be unblocked at 05/21/2026 15:54:09, DetailsLevel: WARN
2026-05-21T15:54:07.4340814Z Start site prohibitted because the site is being blocked.
2026-05-21T15:54:09.8083911Z Site: app-evangelista-backend-19863 is unblocked.
2026-05-21T15:54:13.4332831Z State: Starting, Action: EstablishingSiteNetworks, LastError: ContainerTimeout, LastErrorTimestamp: 05/21/2026 15:53:08, LastErrorDetails: Container did not start within expected time limit of 230s. Please inspect your container logs for more details., Details: Site is blocked due to multiple, consecutive cold start failures. Site scheduled to be unblocked at 05/21/2026 15:54:09, DetailsLevel: WARN
2026-05-21T15:54:15.5208817Z State: Starting, Action: StartingSiteContainers, LastError: ContainerTimeout, LastErrorTimestamp: 05/21/2026 15:53:08, LastErrorDetails: Container did not start within expected time limit of 230s. Please inspect your container logs for more details., Details: Site is blocked due to multiple, consecutive cold start failures. Site scheduled to be unblocked at 05/21/2026 15:54:09, DetailsLevel: WARN
2026-05-21T15:54:15.5218906Z Container start method called.
2026-05-21T15:54:15.5220531Z State: Starting, Action: PullingImage, LastError: ContainerTimeout, LastErrorTimestamp: 05/21/2026 15:53:08, LastErrorDetails: Container did not start within expected time limit of 230s. Please inspect your container logs for more details., Details: Pulling image 10.1.0.5:13209/appsvc/python:3.11_20260504.4.tuxprod for app-evangelista-backend-19863., DetailsLevel: INFO
2026-05-21T15:54:15.5222303Z Establishing network.
2026-05-21T15:54:15.5223719Z Pulling image: appsvc/python:3.11_20260504.4.tuxprod.
2026-05-21T15:54:15.7418089Z Container is starting.
2026-05-21T15:54:15.7419093Z State: Starting, Action: MountingVolumes, LastError: ContainerTimeout, LastErrorTimestamp: 05/21/2026 15:53:08, LastErrorDetails: Container did not start within expected time limit of 230s. Please inspect your container logs for more details., Details: Mounting volumes for app-evangelista-backend-19863., DetailsLevel: INFO
2026-05-21T15:54:15.7420023Z Establishing user namespace if not established already.
2026-05-21T15:54:15.7494669Z Establishing network if not established already.
2026-05-21T15:54:15.7499091Z Mounting volumes.
2026-05-21T15:54:15.7501999Z Nested mountpoint 
2026-05-21T15:54:15.7788376Z Nested mountpoint volatile/logs
2026-05-21T15:54:15.8000440Z Nested mountpoint 
2026-05-21T15:54:15.8681420Z Nested mountpoint 
2026-05-21T15:54:15.9083625Z Nested mountpoint 
2026-05-21T15:54:16.3667059Z State: Starting, Action: CreatingContainer, LastError: ContainerTimeout, LastErrorTimestamp: 05/21/2026 15:53:08, LastErrorDetails: Container did not start within expected time limit of 230s. Please inspect your container logs for more details., Details: Finished pulling container image and mounting volumes for app-evangelista-backend-19863. Allocatinng the rest of the container resources to finish container creation., DetailsLevel: INFO
2026-05-21T15:54:16.3668282Z Creating container.
2026-05-21T15:54:16.3669314Z Creating pipes for streaming container io.
2026-05-21T15:54:16.3670280Z Creating stdout named pipe at /podr/container/pipe/69ed790ec478_app-evangelista-backend-19863/stdout_7f1dccfb14dd43c1920c7956afcd33a8.
2026-05-21T15:54:16.3672467Z Successfully created stdout named pipe at: /podr/container/pipe/69ed790ec478_app-evangelista-backend-19863/stdout_7f1dccfb14dd43c1920c7956afcd33a8.
2026-05-21T15:54:16.3673419Z Opening named pipe /podr/container/pipe/69ed790ec478_app-evangelista-backend-19863/stdout_7f1dccfb14dd43c1920c7956afcd33a8 for reading in non-blocking mode.
2026-05-21T15:54:16.5252696Z Successfully opened named pipe: /podr/container/pipe/69ed790ec478_app-evangelista-backend-19863/stdout_7f1dccfb14dd43c1920c7956afcd33a8.
2026-05-21T15:54:16.5258870Z Successfully removed non-blocking flag from /podr/container/pipe/69ed790ec478_app-evangelista-backend-19863/stdout_7f1dccfb14dd43c1920c7956afcd33a8.
2026-05-21T15:54:16.5284571Z Creating stderr named pipe at /podr/container/pipe/69ed790ec478_app-evangelista-backend-19863/stderr_022b88e091124dcd822e8b62e9818680.
2026-05-21T15:54:16.5287021Z Successfully created stderr named pipe at: /podr/container/pipe/69ed790ec478_app-evangelista-backend-19863/stderr_022b88e091124dcd822e8b62e9818680.
2026-05-21T15:54:16.5940453Z Opening named pipe /podr/container/pipe/69ed790ec478_app-evangelista-backend-19863/stderr_022b88e091124dcd822e8b62e9818680 for reading in non-blocking mode.
2026-05-21T15:54:16.5944998Z Successfully opened named pipe: /podr/container/pipe/69ed790ec478_app-evangelista-backend-19863/stderr_022b88e091124dcd822e8b62e9818680.
2026-05-21T15:54:16.5952775Z Successfully removed non-blocking flag from /podr/container/pipe/69ed790ec478_app-evangelista-backend-19863/stderr_022b88e091124dcd822e8b62e9818680.
2026-05-21T15:54:16.5958509Z Creating container with image: appsvc/python:3.11_20260504.4.tuxprod from registry: 10.1.0.5:13209 and fully qualified image name: 10.1.0.5:13209/appsvc/python:3.11_20260504.4.tuxprod
2026-05-21T15:54:17.4649051Z Starting container: 69ed790ec478_app-evangelista-backend-19863.
2026-05-21T15:54:17.5879728Z Starting watchers and probes.
2026-05-21T15:54:17.5887567Z Starting metrics collection.
2026-05-21T15:54:17.5985775Z Container is running.
2026-05-21T15:54:17.5993195Z State: Starting, Action: CreatingContainer, LastError: ContainerTimeout, LastErrorTimestamp: 05/21/2026 15:53:08, LastErrorDetails: Container did not start within expected time limit of 230s. Please inspect your container logs for more details., Details: Container app-evangelista-backend-19863 successfully created and is running., DetailsLevel: INFO
2026-05-21T15:54:17.9740431Z Container start method finished after 2451 ms.
2026-05-21T15:54:17.9857706Z State: Starting, Action: InitiatingSiteWarmUpProbe, LastError: ContainerTimeout, LastErrorTimestamp: 05/21/2026 15:53:08, LastErrorDetails: Container did not start within expected time limit of 230s. Please inspect your container logs for more details., Details: Container app-evangelista-backend-19863 successfully created and is running., DetailsLevel: INFO
2026-05-21T15:54:17.9859631Z State: Starting, Action: WaitingForSiteWarmUpProbeSuccess, LastError: ContainerTimeout, LastErrorTimestamp: 05/21/2026 15:53:08, LastErrorDetails: Container did not start within expected time limit of 230s. Please inspect your container logs for more details., Details: Pinging warmup path to ensure container is ready to receive requests., DetailsLevel: INFO
2026-05-21T15:54:48.3260583Z Container has finished running with exit code: 1.
2026-05-21T15:54:48.3441678Z Container is terminating. Grace period: 5 seconds.
2026-05-21T15:54:48.3446508Z Stop and delete container. Retry count = 0
2026-05-21T15:54:48.3447510Z Stopping container: 69ed790ec478_app-evangelista-backend-19863.
2026-05-21T15:54:48.4624070Z Deleting container: 69ed790ec478_app-evangelista-backend-19863. Retry count = 0
2026-05-21T15:54:48.8224956Z Container spec TerminationMessagePolicy  path 
2026-05-21T15:54:48.8315228Z Container is terminated. Total time elapsed: 486 ms.
2026-05-21T15:54:48.8318145Z Site container: app-evangelista-backend-19863 terminated during site startup.
2026-05-21T15:54:48.8319708Z State: Stopping, Action: CancellingStartup, LastError: ContainerTimeout, LastErrorTimestamp: 05/21/2026 15:53:08, LastErrorDetails: Container did not start within expected time limit of 230s. Please inspect your container logs for more details., Details: Site container: app-evangelista-backend-19863 terminated during site startup. Cancelling site startup., DetailsLevel: ERR
2026-05-21T15:54:48.8795907Z Site startup probe failed after 30.8929187 seconds.
2026-05-21T15:54:49.1795170Z State: Stopping, Action: CancellingStartup, LastError: ContainerTimeout, LastErrorTimestamp: 05/21/2026 15:54:49, LastErrorDetails: Container did not start within expected time limit of 230s. Please inspect your container logs for more details., Details: Site container: app-evangelista-backend-19863 terminated during site startup. Cancelling site startup., DetailsLevel: ERR
2026-05-21T15:54:49.1883731Z Failed to start site. Revert by stopping site.
2026-05-21T15:54:49.1902013Z State: Stopping, Action: StoppingSite, LastError: ContainerTimeout, LastErrorTimestamp: 05/21/2026 15:54:49, LastErrorDetails: Container did not start within expected time limit of 230s. Please inspect your container logs for more details., Details: Site container: app-evangelista-backend-19863 terminated during site startup. Cancelling site startup., DetailsLevel: ERR
2026-05-21T15:54:49.1909953Z State: Stopping, Action: StoppingSiteContainers, LastError: ContainerTimeout, LastErrorTimestamp: 05/21/2026 15:54:49, LastErrorDetails: Container did not start within expected time limit of 230s. Please inspect your container logs for more details., Details: Site container: app-evangelista-backend-19863 terminated during site startup. Cancelling site startup., DetailsLevel: ERR
2026-05-21T15:54:49.1910242Z Site: app-evangelista-backend-19863 stopped.
2026-05-21T15:57:10.9007590Z State: Starting, Action: EstablishingSiteNetworks, LastError: ContainerTimeout, LastErrorTimestamp: 05/21/2026 15:54:49, LastErrorDetails: Container did not start within expected time limit of 230s. Please inspect your container logs for more details., Details: Site is blocked due to multiple, consecutive cold start failures. Site scheduled to be unblocked at 05/21/2026 15:56:50, DetailsLevel: WARN
2026-05-21T15:57:16.5052432Z State: Starting, Action: StartingSiteContainers, LastError: ContainerTimeout, LastErrorTimestamp: 05/21/2026 15:54:49, LastErrorDetails: Container did not start within expected time limit of 230s. Please inspect your container logs for more details., Details: Site is blocked due to multiple, consecutive cold start failures. Site scheduled to be unblocked at 05/21/2026 15:56:50, DetailsLevel: WARN
2026-05-21T15:57:16.5135475Z Container start method called.
2026-05-21T15:57:16.5148883Z State: Starting, Action: PullingImage, LastError: ContainerTimeout, LastErrorTimestamp: 05/21/2026 15:54:49, LastErrorDetails: Container did not start within expected time limit of 230s. Please inspect your container logs for more details., Details: Pulling image 10.1.0.7:13209/appsvc/python:3.11_20260504.4.tuxprod for app-evangelista-backend-19863., DetailsLevel: INFO
2026-05-21T15:57:16.5150626Z Establishing network.
2026-05-21T15:57:16.5152225Z Pulling image: appsvc/python:3.11_20260504.4.tuxprod.
2026-05-21T15:57:17.7127361Z Container is starting.
2026-05-21T15:57:17.7129345Z State: Starting, Action: MountingVolumes, LastError: ContainerTimeout, LastErrorTimestamp: 05/21/2026 15:54:49, LastErrorDetails: Container did not start within expected time limit of 230s. Please inspect your container logs for more details., Details: Mounting volumes for app-evangelista-backend-19863., DetailsLevel: INFO
2026-05-21T15:57:17.7132629Z Establishing user namespace if not established already.
2026-05-21T15:57:17.7135944Z Establishing network if not established already.
2026-05-21T15:57:17.7138839Z Mounting volumes.
2026-05-21T15:57:17.7141924Z Nested mountpoint 
2026-05-21T15:57:17.9206501Z Nested mountpoint volatile/logs
2026-05-21T15:57:18.0300781Z Nested mountpoint 
2026-05-21T15:57:18.0998003Z Nested mountpoint 
2026-05-21T15:57:18.1685936Z Nested mountpoint 
2026-05-21T15:57:19.1343669Z State: Starting, Action: CreatingContainer, LastError: ContainerTimeout, LastErrorTimestamp: 05/21/2026 15:54:49, LastErrorDetails: Container did not start within expected time limit of 230s. Please inspect your container logs for more details., Details: Finished pulling container image and mounting volumes for app-evangelista-backend-19863. Allocatinng the rest of the container resources to finish container creation., DetailsLevel: INFO
2026-05-21T15:57:19.1934205Z Creating container.
2026-05-21T15:57:19.1940324Z Creating pipes for streaming container io.
2026-05-21T15:57:19.1943418Z Creating stdout named pipe at /podr/container/pipe/c76419916b1f_app-evangelista-backend-19863/stdout_48966e336b264f7eb24baf9b06116a3b.
2026-05-21T15:57:19.1949111Z Successfully created stdout named pipe at: /podr/container/pipe/c76419916b1f_app-evangelista-backend-19863/stdout_48966e336b264f7eb24baf9b06116a3b.
2026-05-21T15:57:19.1950221Z Opening named pipe /podr/container/pipe/c76419916b1f_app-evangelista-backend-19863/stdout_48966e336b264f7eb24baf9b06116a3b for reading in non-blocking mode.
2026-05-21T15:57:19.2219984Z Successfully opened named pipe: /podr/container/pipe/c76419916b1f_app-evangelista-backend-19863/stdout_48966e336b264f7eb24baf9b06116a3b.
2026-05-21T15:57:19.2223298Z Successfully removed non-blocking flag from /podr/container/pipe/c76419916b1f_app-evangelista-backend-19863/stdout_48966e336b264f7eb24baf9b06116a3b.
2026-05-21T15:57:19.2225244Z Creating stderr named pipe at /podr/container/pipe/c76419916b1f_app-evangelista-backend-19863/stderr_403e96d1b23a4bd4a960df050c344504.
2026-05-21T15:57:19.2227114Z Successfully created stderr named pipe at: /podr/container/pipe/c76419916b1f_app-evangelista-backend-19863/stderr_403e96d1b23a4bd4a960df050c344504.
2026-05-21T15:57:19.2227979Z Opening named pipe /podr/container/pipe/c76419916b1f_app-evangelista-backend-19863/stderr_403e96d1b23a4bd4a960df050c344504 for reading in non-blocking mode.
2026-05-21T15:57:19.2229181Z Successfully opened named pipe: /podr/container/pipe/c76419916b1f_app-evangelista-backend-19863/stderr_403e96d1b23a4bd4a960df050c344504.
2026-05-21T15:57:19.2230076Z Successfully removed non-blocking flag from /podr/container/pipe/c76419916b1f_app-evangelista-backend-19863/stderr_403e96d1b23a4bd4a960df050c344504.
2026-05-21T15:57:19.2242505Z Creating container with image: appsvc/python:3.11_20260504.4.tuxprod from registry: 10.1.0.7:13209 and fully qualified image name: 10.1.0.7:13209/appsvc/python:3.11_20260504.4.tuxprod
2026-05-21T15:57:20.8998838Z Starting container: c76419916b1f_app-evangelista-backend-19863.
2026-05-21T15:57:21.0791173Z Starting watchers and probes.
2026-05-21T15:57:21.1013218Z Starting metrics collection.
2026-05-21T15:57:21.1110070Z Container is running.
2026-05-21T15:57:21.1112719Z State: Starting, Action: CreatingContainer, LastError: ContainerTimeout, LastErrorTimestamp: 05/21/2026 15:54:49, LastErrorDetails: Container did not start within expected time limit of 230s. Please inspect your container logs for more details., Details: Container app-evangelista-backend-19863 successfully created and is running., DetailsLevel: INFO
2026-05-21T15:57:21.5745524Z Container start method finished after 5060 ms.
2026-05-21T15:57:21.5747913Z State: Starting, Action: InitiatingSiteWarmUpProbe, LastError: ContainerTimeout, LastErrorTimestamp: 05/21/2026 15:54:49, LastErrorDetails: Container did not start within expected time limit of 230s. Please inspect your container logs for more details., Details: Container app-evangelista-backend-19863 successfully created and is running., DetailsLevel: INFO
2026-05-21T15:57:21.5748204Z State: Starting, Action: WaitingForSiteWarmUpProbeSuccess, LastError: ContainerTimeout, LastErrorTimestamp: 05/21/2026 15:54:49, LastErrorDetails: Container did not start within expected time limit of 230s. Please inspect your container logs for more details., Details: Pinging warmup path to ensure container is ready to receive requests., DetailsLevel: INFO
2026-05-21T15:58:30.3732804Z Container has finished running with exit code: 1.
2026-05-21T15:58:30.3832750Z Container is terminating. Grace period: 5 seconds.
2026-05-21T15:58:30.3852531Z Stop and delete container. Retry count = 0
2026-05-21T15:58:30.4312169Z Stopping container: c76419916b1f_app-evangelista-backend-19863.
2026-05-21T15:58:30.5122998Z Deleting container: c76419916b1f_app-evangelista-backend-19863. Retry count = 0
2026-05-21T15:58:30.8871458Z Container spec TerminationMessagePolicy  path 
2026-05-21T15:58:30.8874502Z Container is terminated. Total time elapsed: 503 ms.
2026-05-21T15:58:30.8875651Z Site container: app-evangelista-backend-19863 terminated during site startup.
2026-05-21T15:58:30.8885916Z State: Stopping, Action: CancellingStartup, LastError: ContainerTimeout, LastErrorTimestamp: 05/21/2026 15:54:49, LastErrorDetails: Container did not start within expected time limit of 230s. Please inspect your container logs for more details., Details: Site container: app-evangelista-backend-19863 terminated during site startup. Cancelling site startup., DetailsLevel: ERR
2026-05-21T15:58:30.9954899Z Site startup probe failed after 69.359449 seconds.
2026-05-21T15:58:31.7380207Z State: Stopping, Action: CancellingStartup, LastError: ContainerTimeout, LastErrorTimestamp: 05/21/2026 15:58:31, LastErrorDetails: Container did not start within expected time limit of 230s. Please inspect your container logs for more details., Details: Site container: app-evangelista-backend-19863 terminated during site startup. Cancelling site startup., DetailsLevel: ERR
2026-05-21T15:58:31.7582419Z Failed to start site. Revert by stopping site.
2026-05-21T15:58:31.7584824Z State: Stopping, Action: StoppingSite, LastError: ContainerTimeout, LastErrorTimestamp: 05/21/2026 15:58:31, LastErrorDetails: Container did not start within expected time limit of 230s. Please inspect your container logs for more details., Details: Site container: app-evangelista-backend-19863 terminated during site startup. Cancelling site startup., DetailsLevel: ERR
2026-05-21T15:58:31.7789236Z State: Stopping, Action: StoppingSiteContainers, LastError: ContainerTimeout, LastErrorTimestamp: 05/21/2026 15:58:31, LastErrorDetails: Container did not start within expected time limit of 230s. Please inspect your container logs for more details., Details: Site container: app-evangelista-backend-19863 terminated during site startup. Cancelling site startup., DetailsLevel: ERR
2026-05-21T15:58:31.7789646Z Site: app-evangelista-backend-19863 stopped.
2026-05-21T15:58:55.4189505Z State: Starting, Action: EstablishingSiteNetworks, LastError: ContainerTimeout, LastErrorTimestamp: 05/21/2026 15:58:31, LastErrorDetails: Container did not start within expected time limit of 230s. Please inspect your container logs for more details., Details: Site stopped at 05/21/2026 15:58:33 (UTC), DetailsLevel: ERR
2026-05-21T15:58:58.5395575Z State: Starting, Action: StartingSiteContainers, LastError: ContainerTimeout, LastErrorTimestamp: 05/21/2026 15:58:31, LastErrorDetails: Container did not start within expected time limit of 230s. Please inspect your container logs for more details., Details: Site stopped at 05/21/2026 15:58:33 (UTC), DetailsLevel: ERR
2026-05-21T15:58:58.5400668Z Container start method called.
2026-05-21T15:58:58.5402038Z State: Starting, Action: PullingImage, LastError: ContainerTimeout, LastErrorTimestamp: 05/21/2026 15:58:31, LastErrorDetails: Container did not start within expected time limit of 230s. Please inspect your container logs for more details., Details: Pulling image 10.1.0.5:13209/appsvc/python:3.11_20260504.4.tuxprod for app-evangelista-backend-19863., DetailsLevel: INFO
2026-05-21T15:58:58.5578783Z Establishing network.
2026-05-21T15:58:58.5654558Z Pulling image: appsvc/python:3.11_20260504.4.tuxprod.
2026-05-21T15:58:59.7115994Z Container is starting.
2026-05-21T15:58:59.7121733Z State: Starting, Action: MountingVolumes, LastError: ContainerTimeout, LastErrorTimestamp: 05/21/2026 15:58:31, LastErrorDetails: Container did not start within expected time limit of 230s. Please inspect your container logs for more details., Details: Mounting volumes for app-evangelista-backend-19863., DetailsLevel: INFO
2026-05-21T15:58:59.7124036Z Establishing user namespace if not established already.
2026-05-21T15:58:59.7125589Z Establishing network if not established already.
2026-05-21T15:58:59.7127168Z Mounting volumes.
2026-05-21T15:58:59.7209031Z Nested mountpoint 
2026-05-21T15:58:59.8105194Z Nested mountpoint volatile/logs
2026-05-21T15:58:59.8597692Z Nested mountpoint 
2026-05-21T15:58:59.8625255Z Nested mountpoint 
2026-05-21T15:59:00.1078561Z Nested mountpoint 
2026-05-21T15:59:01.2394081Z State: Starting, Action: CreatingContainer, LastError: ContainerTimeout, LastErrorTimestamp: 05/21/2026 15:58:31, LastErrorDetails: Container did not start within expected time limit of 230s. Please inspect your container logs for more details., Details: Finished pulling container image and mounting volumes for app-evangelista-backend-19863. Allocatinng the rest of the container resources to finish container creation., DetailsLevel: INFO
2026-05-21T15:59:01.2396668Z Creating container.
2026-05-21T15:59:01.2398288Z Creating pipes for streaming container io.
2026-05-21T15:59:01.2399838Z Creating stdout named pipe at /podr/container/pipe/9c5ca36d04ce_app-evangelista-backend-19863/stdout_c754bdce941c4af6b5103b23d7ec5927.
2026-05-21T15:59:01.2415191Z Successfully created stdout named pipe at: /podr/container/pipe/9c5ca36d04ce_app-evangelista-backend-19863/stdout_c754bdce941c4af6b5103b23d7ec5927.
2026-05-21T15:59:01.2416863Z Opening named pipe /podr/container/pipe/9c5ca36d04ce_app-evangelista-backend-19863/stdout_c754bdce941c4af6b5103b23d7ec5927 for reading in non-blocking mode.
2026-05-21T15:59:01.2418291Z Successfully opened named pipe: /podr/container/pipe/9c5ca36d04ce_app-evangelista-backend-19863/stdout_c754bdce941c4af6b5103b23d7ec5927.
2026-05-21T15:59:01.2419412Z Successfully removed non-blocking flag from /podr/container/pipe/9c5ca36d04ce_app-evangelista-backend-19863/stdout_c754bdce941c4af6b5103b23d7ec5927.
2026-05-21T15:59:01.3505500Z Creating stderr named pipe at /podr/container/pipe/9c5ca36d04ce_app-evangelista-backend-19863/stderr_10320e3ce05049139e6df9cf995302a5.
2026-05-21T15:59:01.3508104Z Successfully created stderr named pipe at: /podr/container/pipe/9c5ca36d04ce_app-evangelista-backend-19863/stderr_10320e3ce05049139e6df9cf995302a5.
2026-05-21T15:59:01.3509181Z Opening named pipe /podr/container/pipe/9c5ca36d04ce_app-evangelista-backend-19863/stderr_10320e3ce05049139e6df9cf995302a5 for reading in non-blocking mode.
2026-05-21T15:59:01.3520339Z Successfully opened named pipe: /podr/container/pipe/9c5ca36d04ce_app-evangelista-backend-19863/stderr_10320e3ce05049139e6df9cf995302a5.
2026-05-21T15:59:01.3522492Z Successfully removed non-blocking flag from /podr/container/pipe/9c5ca36d04ce_app-evangelista-backend-19863/stderr_10320e3ce05049139e6df9cf995302a5.
2026-05-21T15:59:01.3909456Z Creating container with image: appsvc/python:3.11_20260504.4.tuxprod from registry: 10.1.0.5:13209 and fully qualified image name: 10.1.0.5:13209/appsvc/python:3.11_20260504.4.tuxprod
2026-05-21T15:59:03.4207658Z Starting container: 9c5ca36d04ce_app-evangelista-backend-19863.
2026-05-21T15:59:03.6388053Z Starting watchers and probes.
2026-05-21T15:59:03.6855698Z Starting metrics collection.
2026-05-21T15:59:03.6859833Z Container is running.
2026-05-21T15:59:03.6944542Z State: Starting, Action: CreatingContainer, LastError: ContainerTimeout, LastErrorTimestamp: 05/21/2026 15:58:31, LastErrorDetails: Container did not start within expected time limit of 230s. Please inspect your container logs for more details., Details: Container app-evangelista-backend-19863 successfully created and is running., DetailsLevel: INFO
2026-05-21T15:59:03.8762039Z Container start method finished after 5326 ms.
2026-05-21T15:59:03.9038302Z State: Starting, Action: InitiatingSiteWarmUpProbe, LastError: ContainerTimeout, LastErrorTimestamp: 05/21/2026 15:58:31, LastErrorDetails: Container did not start within expected time limit of 230s. Please inspect your container logs for more details., Details: Container app-evangelista-backend-19863 successfully created and is running., DetailsLevel: INFO
2026-05-21T15:59:03.9040391Z State: Starting, Action: WaitingForSiteWarmUpProbeSuccess, LastError: ContainerTimeout, LastErrorTimestamp: 05/21/2026 15:58:31, LastErrorDetails: Container did not start within expected time limit of 230s. Please inspect your container logs for more details., Details: Pinging warmup path to ensure container is ready to receive requests., DetailsLevel: INFO
2026-05-21T15:59:43.2286114Z Container has finished running with exit code: 1.
2026-05-21T15:59:43.2354134Z Container is terminating. Grace period: 5 seconds.
2026-05-21T15:59:43.2562770Z Stop and delete container. Retry count = 0
2026-05-21T15:59:43.2578429Z Stopping container: 9c5ca36d04ce_app-evangelista-backend-19863.
2026-05-21T15:59:43.3651357Z Deleting container: 9c5ca36d04ce_app-evangelista-backend-19863. Retry count = 0
2026-05-21T15:59:43.8963486Z Container spec TerminationMessagePolicy  path 
2026-05-21T15:59:43.8972822Z Container is terminated. Total time elapsed: 660 ms.
2026-05-21T15:59:43.8983664Z Site container: app-evangelista-backend-19863 terminated during site startup.
2026-05-21T15:59:43.9050068Z State: Stopping, Action: CancellingStartup, LastError: ContainerTimeout, LastErrorTimestamp: 05/21/2026 15:58:31, LastErrorDetails: Container did not start within expected time limit of 230s. Please inspect your container logs for more details., Details: Site container: app-evangelista-backend-19863 terminated during site startup. Cancelling site startup., DetailsLevel: ERR
2026-05-21T15:59:44.0383758Z Site startup probe failed after 40.1244087 seconds.
2026-05-21T15:59:44.4666397Z State: Stopping, Action: CancellingStartup, LastError: ContainerTimeout, LastErrorTimestamp: 05/21/2026 15:59:44, LastErrorDetails: Container did not start within expected time limit of 230s. Please inspect your container logs for more details., Details: Site container: app-evangelista-backend-19863 terminated during site startup. Cancelling site startup., DetailsLevel: ERR
2026-05-21T15:59:44.4685703Z Failed to start site. Revert by stopping site.
2026-05-21T15:59:44.4760264Z State: Stopping, Action: StoppingSite, LastError: ContainerTimeout, LastErrorTimestamp: 05/21/2026 15:59:44, LastErrorDetails: Container did not start within expected time limit of 230s. Please inspect your container logs for more details., Details: Site container: app-evangelista-backend-19863 terminated during site startup. Cancelling site startup., DetailsLevel: ERR
2026-05-21T15:59:44.4841825Z State: Stopping, Action: StoppingSiteContainers, LastError: ContainerTimeout, LastErrorTimestamp: 05/21/2026 15:59:44, LastErrorDetails: Container did not start within expected time limit of 230s. Please inspect your container logs for more details., Details: Site container: app-evangelista-backend-19863 terminated during site startup. Cancelling site startup., DetailsLevel: ERR
2026-05-21T15:59:44.4842158Z Site: app-evangelista-backend-19863 stopped.
2026-05-21T16:05:46.8853230Z State: Starting, Action: EstablishingSiteNetworks, LastError: ContainerTimeout, LastErrorTimestamp: 05/21/2026 15:59:44, LastErrorDetails: Container did not start within expected time limit of 230s. Please inspect your container logs for more details., Details: Site stopped at 05/21/2026 15:59:45 (UTC), DetailsLevel: ERR
2026-05-21T16:05:52.8245766Z State: Starting, Action: StartingSiteContainers, LastError: ContainerTimeout, LastErrorTimestamp: 05/21/2026 15:59:44, LastErrorDetails: Container did not start within expected time limit of 230s. Please inspect your container logs for more details., Details: Site stopped at 05/21/2026 15:59:45 (UTC), DetailsLevel: ERR
2026-05-21T16:05:52.8363322Z Container start method called.
2026-05-21T16:05:52.8837254Z State: Starting, Action: PullingImage, LastError: ContainerTimeout, LastErrorTimestamp: 05/21/2026 15:59:44, LastErrorDetails: Container did not start within expected time limit of 230s. Please inspect your container logs for more details., Details: Pulling image 10.1.0.7:13209/appsvc/python:3.11_20260504.4.tuxprod for app-evangelista-backend-19863., DetailsLevel: INFO
2026-05-21T16:05:52.9016192Z Establishing network.
2026-05-21T16:05:52.9625124Z Pulling image: appsvc/python:3.11_20260504.4.tuxprod.
2026-05-21T16:05:54.6135077Z Container is starting.
2026-05-21T16:05:54.6198168Z State: Starting, Action: MountingVolumes, LastError: ContainerTimeout, LastErrorTimestamp: 05/21/2026 15:59:44, LastErrorDetails: Container did not start within expected time limit of 230s. Please inspect your container logs for more details., Details: Mounting volumes for app-evangelista-backend-19863., DetailsLevel: INFO
2026-05-21T16:05:54.6203781Z Establishing user namespace if not established already.
2026-05-21T16:05:54.6207677Z Establishing network if not established already.
2026-05-21T16:05:54.6214173Z Mounting volumes.
2026-05-21T16:05:54.6426063Z Nested mountpoint 
2026-05-21T16:05:54.8623048Z Nested mountpoint volatile/logs
2026-05-21T16:05:55.0310000Z Nested mountpoint 
2026-05-21T16:05:55.1110224Z Nested mountpoint 
2026-05-21T16:05:55.1896861Z Nested mountpoint 
2026-05-21T16:05:57.8670424Z State: Starting, Action: CreatingContainer, LastError: ContainerTimeout, LastErrorTimestamp: 05/21/2026 15:59:44, LastErrorDetails: Container did not start within expected time limit of 230s. Please inspect your container logs for more details., Details: Finished pulling container image and mounting volumes for app-evangelista-backend-19863. Allocatinng the rest of the container resources to finish container creation., DetailsLevel: INFO
2026-05-21T16:05:57.8784922Z Creating container.
2026-05-21T16:05:57.8856217Z Creating pipes for streaming container io.
2026-05-21T16:05:57.8857561Z Creating stdout named pipe at /podr/container/pipe/9c8d96bcf5ae_app-evangelista-backend-19863/stdout_74eeeb32c37646a9a2804016cbf64b9e.
2026-05-21T16:05:57.8867028Z Successfully created stdout named pipe at: /podr/container/pipe/9c8d96bcf5ae_app-evangelista-backend-19863/stdout_74eeeb32c37646a9a2804016cbf64b9e.
2026-05-21T16:05:57.9080411Z Opening named pipe /podr/container/pipe/9c8d96bcf5ae_app-evangelista-backend-19863/stdout_74eeeb32c37646a9a2804016cbf64b9e for reading in non-blocking mode.
2026-05-21T16:05:57.9167574Z Successfully opened named pipe: /podr/container/pipe/9c8d96bcf5ae_app-evangelista-backend-19863/stdout_74eeeb32c37646a9a2804016cbf64b9e.
2026-05-21T16:05:57.9172140Z Successfully removed non-blocking flag from /podr/container/pipe/9c8d96bcf5ae_app-evangelista-backend-19863/stdout_74eeeb32c37646a9a2804016cbf64b9e.
2026-05-21T16:05:58.0396844Z Creating stderr named pipe at /podr/container/pipe/9c8d96bcf5ae_app-evangelista-backend-19863/stderr_8db56c81edc0409a995125aba89c5344.
2026-05-21T16:05:58.0780634Z Successfully created stderr named pipe at: /podr/container/pipe/9c8d96bcf5ae_app-evangelista-backend-19863/stderr_8db56c81edc0409a995125aba89c5344.
2026-05-21T16:05:58.0784142Z Opening named pipe /podr/container/pipe/9c8d96bcf5ae_app-evangelista-backend-19863/stderr_8db56c81edc0409a995125aba89c5344 for reading in non-blocking mode.
2026-05-21T16:05:58.0785660Z Successfully opened named pipe: /podr/container/pipe/9c8d96bcf5ae_app-evangelista-backend-19863/stderr_8db56c81edc0409a995125aba89c5344.
2026-05-21T16:05:58.0786713Z Successfully removed non-blocking flag from /podr/container/pipe/9c8d96bcf5ae_app-evangelista-backend-19863/stderr_8db56c81edc0409a995125aba89c5344.
2026-05-21T16:05:58.2072368Z Creating container with image: appsvc/python:3.11_20260504.4.tuxprod from registry: 10.1.0.7:13209 and fully qualified image name: 10.1.0.7:13209/appsvc/python:3.11_20260504.4.tuxprod
2026-05-21T16:06:00.5454577Z Container get mounts received unexpected exception.
2026-05-21T16:06:00.7210181Z Container get processes received unexpected exception.
2026-05-21T16:06:02.3613559Z Starting container: 9c8d96bcf5ae_app-evangelista-backend-19863.
2026-05-21T16:06:02.5998214Z Starting watchers and probes.
2026-05-21T16:06:02.6884889Z Starting metrics collection.
2026-05-21T16:06:02.7081074Z Container is running.
2026-05-21T16:06:02.7082328Z State: Starting, Action: CreatingContainer, LastError: ContainerTimeout, LastErrorTimestamp: 05/21/2026 15:59:44, LastErrorDetails: Container did not start within expected time limit of 230s. Please inspect your container logs for more details., Details: Container app-evangelista-backend-19863 successfully created and is running., DetailsLevel: INFO
2026-05-21T16:06:03.1375219Z Container start method finished after 10300 ms.
2026-05-21T16:06:03.1683674Z State: Starting, Action: InitiatingSiteWarmUpProbe, LastError: ContainerTimeout, LastErrorTimestamp: 05/21/2026 15:59:44, LastErrorDetails: Container did not start within expected time limit of 230s. Please inspect your container logs for more details., Details: Container app-evangelista-backend-19863 successfully created and is running., DetailsLevel: INFO
2026-05-21T16:06:03.1769479Z State: Starting, Action: WaitingForSiteWarmUpProbeSuccess, LastError: ContainerTimeout, LastErrorTimestamp: 05/21/2026 15:59:44, LastErrorDetails: Container did not start within expected time limit of 230s. Please inspect your container logs for more details., Details: Pinging warmup path to ensure container is ready to receive requests., DetailsLevel: INFO
2026-05-21T16:07:09.1360782Z Container has finished running with exit code: 1.
2026-05-21T16:07:09.1523055Z Container is terminating. Grace period: 5 seconds.
2026-05-21T16:07:09.3127050Z Stop and delete container. Retry count = 0
2026-05-21T16:07:09.3299172Z Stopping container: 9c8d96bcf5ae_app-evangelista-backend-19863.
2026-05-21T16:07:09.6409181Z Deleting container: 9c8d96bcf5ae_app-evangelista-backend-19863. Retry count = 0
2026-05-21T16:07:10.2400898Z Container spec TerminationMessagePolicy  path 
2026-05-21T16:07:10.2819818Z Container is terminated. Total time elapsed: 1021 ms.
2026-05-21T16:07:10.3195126Z Site container: app-evangelista-backend-19863 terminated during site startup.
2026-05-21T16:07:10.3570792Z State: Stopping, Action: CancellingStartup, LastError: ContainerTimeout, LastErrorTimestamp: 05/21/2026 15:59:44, LastErrorDetails: Container did not start within expected time limit of 230s. Please inspect your container logs for more details., Details: Site container: app-evangelista-backend-19863 terminated during site startup. Cancelling site startup., DetailsLevel: ERR
2026-05-21T16:07:10.5699439Z Site startup probe failed after 67.2011985 seconds.
2026-05-21T16:07:11.0385254Z State: Stopping, Action: CancellingStartup, LastError: ContainerTimeout, LastErrorTimestamp: 05/21/2026 16:07:11, LastErrorDetails: Container did not start within expected time limit of 230s. Please inspect your container logs for more details., Details: Site container: app-evangelista-backend-19863 terminated during site startup. Cancelling site startup., DetailsLevel: ERR
2026-05-21T16:07:11.1083953Z Failed to start site. Revert by stopping site.
2026-05-21T16:07:11.1166485Z State: Stopping, Action: StoppingSite, LastError: ContainerTimeout, LastErrorTimestamp: 05/21/2026 16:07:11, LastErrorDetails: Container did not start within expected time limit of 230s. Please inspect your container logs for more details., Details: Site container: app-evangelista-backend-19863 terminated during site startup. Cancelling site startup., DetailsLevel: ERR
2026-05-21T16:07:11.1177490Z State: Stopping, Action: StoppingSiteContainers, LastError: ContainerTimeout, LastErrorTimestamp: 05/21/2026 16:07:11, LastErrorDetails: Container did not start within expected time limit of 230s. Please inspect your container logs for more details., Details: Site container: app-evangelista-backend-19863 terminated during site startup. Cancelling site startup., DetailsLevel: ERR
2026-05-21T16:07:11.1177796Z Site: app-evangelista-backend-19863 stopped.
2026-05-21T16:07:11.1480983Z State: Stopping, Action: UnmountingVolumes, LastError: ContainerTimeout, LastErrorTimestamp: 05/21/2026 16:07:11, LastErrorDetails: Container did not start within expected time limit of 230s. Please inspect your container logs for more details., Details: Site container: app-evangelista-backend-19863 terminated during site startup. Cancelling site startup., DetailsLevel: ERR
2026-05-21T16:07:12.9425302Z State: Stopping, Action: StoppingSiteNetworks, LastError: ContainerTimeout, LastErrorTimestamp: 05/21/2026 16:07:11, LastErrorDetails: Container did not start within expected time limit of 230s. Please inspect your container logs for more details., Details: Site container: app-evangelista-backend-19863 terminated during site startup. Cancelling site startup., DetailsLevel: ERR
2026-05-21T16:07:13.8840311Z State: Stopped, Action: None, LastError: ContainerTimeout, LastErrorTimestamp: 05/21/2026 16:07:11, LastErrorDetails: Container did not start within expected time limit of 230s. Please inspect your container logs for more details., Details: Site stopped at 05/21/2026 16:07:13 (UTC), DetailsLevel: ERR
2026-05-21T16:07:14.2301330Z State: Stopped, Action: None, LastError: ContainerTimeout, LastErrorTimestamp: 05/21/2026 16:07:11, LastErrorDetails: Container did not start within expected time limit of 230s. Please inspect your container logs for more details., Details: Site stopped at 05/21/2026 16:07:13 (UTC), DetailsLevel: ERR
2026-05-21T16:07:15.1795487Z State: Starting, Action: EstablishingSiteNetworks, LastError: ContainerTimeout, LastErrorTimestamp: 05/21/2026 16:07:11, LastErrorDetails: Container did not start within expected time limit of 230s. Please inspect your container logs for more details., Details: Site stopped at 05/21/2026 16:07:13 (UTC), DetailsLevel: ERR
2026-05-21T16:07:19.5226243Z State: Starting, Action: StartingSiteContainers, LastError: ContainerTimeout, LastErrorTimestamp: 05/21/2026 16:07:11, LastErrorDetails: Container did not start within expected time limit of 230s. Please inspect your container logs for more details., Details: Site stopped at 05/21/2026 16:07:13 (UTC), DetailsLevel: ERR
2026-05-21T16:07:19.5230222Z Container start method called.
2026-05-21T16:07:19.5231095Z State: Starting, Action: PullingImage, LastError: ContainerTimeout, LastErrorTimestamp: 05/21/2026 16:07:11, LastErrorDetails: Container did not start within expected time limit of 230s. Please inspect your container logs for more details., Details: Pulling image 10.1.0.7:13209/appsvc/python:3.11_20260504.4.tuxprod for app-evangelista-backend-19863., DetailsLevel: INFO
2026-05-21T16:07:19.5234422Z Establishing network.
2026-05-21T16:07:19.5236211Z Pulling image: appsvc/python:3.11_20260504.4.tuxprod.
2026-05-21T16:07:20.7055965Z Container is starting.
2026-05-21T16:07:20.7065169Z State: Starting, Action: MountingVolumes, LastError: ContainerTimeout, LastErrorTimestamp: 05/21/2026 16:07:11, LastErrorDetails: Container did not start within expected time limit of 230s. Please inspect your container logs for more details., Details: Mounting volumes for app-evangelista-backend-19863., DetailsLevel: INFO
2026-05-21T16:07:20.7079820Z Establishing user namespace if not established already.
2026-05-21T16:07:20.7247268Z Establishing network if not established already.
2026-05-21T16:07:20.7249793Z Mounting volumes.
2026-05-21T16:07:20.7259265Z Nested mountpoint 
2026-05-21T16:07:20.8677727Z Nested mountpoint volatile/logs
2026-05-21T16:07:20.8981211Z Nested mountpoint 
2026-05-21T16:07:20.9361690Z Nested mountpoint 
2026-05-21T16:07:20.9464050Z Nested mountpoint 
2026-05-21T16:07:22.5215631Z State: Starting, Action: CreatingContainer, LastError: ContainerTimeout, LastErrorTimestamp: 05/21/2026 16:07:11, LastErrorDetails: Container did not start within expected time limit of 230s. Please inspect your container logs for more details., Details: Finished pulling container image and mounting volumes for app-evangelista-backend-19863. Allocatinng the rest of the container resources to finish container creation., DetailsLevel: INFO
2026-05-21T16:07:22.5508620Z Creating container.
2026-05-21T16:07:22.5510621Z Creating pipes for streaming container io.
2026-05-21T16:07:22.5511803Z Creating stdout named pipe at /podr/container/pipe/495269756f0f_app-evangelista-backend-19863/stdout_c52819567fe84c1299b8d9fdad735ccd.
2026-05-21T16:07:22.5684868Z Successfully created stdout named pipe at: /podr/container/pipe/495269756f0f_app-evangelista-backend-19863/stdout_c52819567fe84c1299b8d9fdad735ccd.
2026-05-21T16:07:22.5686259Z Opening named pipe /podr/container/pipe/495269756f0f_app-evangelista-backend-19863/stdout_c52819567fe84c1299b8d9fdad735ccd for reading in non-blocking mode.
2026-05-21T16:07:22.5687601Z Successfully opened named pipe: /podr/container/pipe/495269756f0f_app-evangelista-backend-19863/stdout_c52819567fe84c1299b8d9fdad735ccd.
2026-05-21T16:07:22.5688530Z Successfully removed non-blocking flag from /podr/container/pipe/495269756f0f_app-evangelista-backend-19863/stdout_c52819567fe84c1299b8d9fdad735ccd.
2026-05-21T16:07:22.5704425Z Creating stderr named pipe at /podr/container/pipe/495269756f0f_app-evangelista-backend-19863/stderr_7c6097c3587241139963422eb6b7687f.
2026-05-21T16:07:22.5706185Z Successfully created stderr named pipe at: /podr/container/pipe/495269756f0f_app-evangelista-backend-19863/stderr_7c6097c3587241139963422eb6b7687f.
2026-05-21T16:07:22.5707236Z Opening named pipe /podr/container/pipe/495269756f0f_app-evangelista-backend-19863/stderr_7c6097c3587241139963422eb6b7687f for reading in non-blocking mode.
2026-05-21T16:07:22.5708295Z Successfully opened named pipe: /podr/container/pipe/495269756f0f_app-evangelista-backend-19863/stderr_7c6097c3587241139963422eb6b7687f.
2026-05-21T16:07:22.5709179Z Successfully removed non-blocking flag from /podr/container/pipe/495269756f0f_app-evangelista-backend-19863/stderr_7c6097c3587241139963422eb6b7687f.
2026-05-21T16:07:22.5710551Z Creating container with image: appsvc/python:3.11_20260504.4.tuxprod from registry: 10.1.0.7:13209 and fully qualified image name: 10.1.0.7:13209/appsvc/python:3.11_20260504.4.tuxprod
2026-05-21T16:07:24.4964071Z Starting container: 495269756f0f_app-evangelista-backend-19863.
2026-05-21T16:07:24.7546784Z Starting watchers and probes.
2026-05-21T16:07:24.7632597Z Starting metrics collection.
2026-05-21T16:07:24.7714819Z Container is running.
2026-05-21T16:07:24.7719182Z State: Starting, Action: CreatingContainer, LastError: ContainerTimeout, LastErrorTimestamp: 05/21/2026 16:07:11, LastErrorDetails: Container did not start within expected time limit of 230s. Please inspect your container logs for more details., Details: Container app-evangelista-backend-19863 successfully created and is running., DetailsLevel: INFO
2026-05-21T16:07:25.3963075Z Container start method finished after 5872 ms.
2026-05-21T16:07:25.3965587Z State: Starting, Action: InitiatingSiteWarmUpProbe, LastError: ContainerTimeout, LastErrorTimestamp: 05/21/2026 16:07:11, LastErrorDetails: Container did not start within expected time limit of 230s. Please inspect your container logs for more details., Details: Container app-evangelista-backend-19863 successfully created and is running., DetailsLevel: INFO
2026-05-21T16:07:25.3965843Z State: Starting, Action: WaitingForSiteWarmUpProbeSuccess, LastError: ContainerTimeout, LastErrorTimestamp: 05/21/2026 16:07:11, LastErrorDetails: Container did not start within expected time limit of 230s. Please inspect your container logs for more details., Details: Pinging warmup path to ensure container is ready to receive requests., DetailsLevel: INFO
2026-05-21T16:08:43.3268688Z Container has finished running with exit code: 1.
2026-05-21T16:08:43.3348898Z Container is terminating. Grace period: 5 seconds.
2026-05-21T16:08:43.3955584Z Stop and delete container. Retry count = 0
2026-05-21T16:08:43.3959971Z Stopping container: 495269756f0f_app-evangelista-backend-19863.
2026-05-21T16:08:43.6570990Z Deleting container: 495269756f0f_app-evangelista-backend-19863. Retry count = 0
2026-05-21T16:08:44.4096570Z Container spec TerminationMessagePolicy  path 
2026-05-21T16:08:44.4119043Z Container is terminated. Total time elapsed: 1035 ms.
2026-05-21T16:08:44.4122524Z Site container: app-evangelista-backend-19863 terminated during site startup.
2026-05-21T16:08:44.5053376Z State: Stopping, Action: CancellingStartup, LastError: ContainerTimeout, LastErrorTimestamp: 05/21/2026 16:07:11, LastErrorDetails: Container did not start within expected time limit of 230s. Please inspect your container logs for more details., Details: Site container: app-evangelista-backend-19863 terminated during site startup. Cancelling site startup., DetailsLevel: ERR
2026-05-21T16:08:44.5671769Z Site startup probe failed after 79.1622573 seconds.
2026-05-21T16:08:45.2889095Z State: Stopping, Action: CancellingStartup, LastError: ContainerTimeout, LastErrorTimestamp: 05/21/2026 16:08:45, LastErrorDetails: Container did not start within expected time limit of 230s. Please inspect your container logs for more details., Details: Site container: app-evangelista-backend-19863 terminated during site startup. Cancelling site startup., DetailsLevel: ERR
2026-05-21T16:08:45.2980760Z Failed to start site. Revert by stopping site.
2026-05-21T16:08:45.3177724Z State: Stopping, Action: StoppingSite, LastError: ContainerTimeout, LastErrorTimestamp: 05/21/2026 16:08:45, LastErrorDetails: Container did not start within expected time limit of 230s. Please inspect your container logs for more details., Details: Site container: app-evangelista-backend-19863 terminated during site startup. Cancelling site startup., DetailsLevel: ERR
2026-05-21T16:08:45.3375422Z State: Stopping, Action: StoppingSiteContainers, LastError: ContainerTimeout, LastErrorTimestamp: 05/21/2026 16:08:45, LastErrorDetails: Container did not start within expected time limit of 230s. Please inspect your container logs for more details., Details: Site container: app-evangelista-backend-19863 terminated during site startup. Cancelling site startup., DetailsLevel: ERR
2026-05-21T16:08:45.3375993Z Site: app-evangelista-backend-19863 stopped.
2026-05-21T16:16:17.0999072Z State: Starting, Action: EstablishingSiteNetworks, LastError: ContainerTimeout, LastErrorTimestamp: 05/21/2026 16:08:45, LastErrorDetails: Container did not start within expected time limit of 230s. Please inspect your container logs for more details., Details: Site stopped at 05/21/2026 16:08:47 (UTC), DetailsLevel: WARN
2026-05-21T16:16:21.0901850Z State: Starting, Action: StartingSiteContainers, LastError: ContainerTimeout, LastErrorTimestamp: 05/21/2026 16:08:45, LastErrorDetails: Container did not start within expected time limit of 230s. Please inspect your container logs for more details., Details: Site stopped at 05/21/2026 16:08:47 (UTC), DetailsLevel: WARN
2026-05-21T16:16:21.0905362Z Container start method called.
2026-05-21T16:16:21.0906088Z State: Starting, Action: PullingImage, LastError: ContainerTimeout, LastErrorTimestamp: 05/21/2026 16:08:45, LastErrorDetails: Container did not start within expected time limit of 230s. Please inspect your container logs for more details., Details: Pulling image 10.1.0.7:13209/appsvc/python:3.11_20260504.4.tuxprod for app-evangelista-backend-19863., DetailsLevel: INFO
2026-05-21T16:16:21.0907286Z Establishing network.
2026-05-21T16:16:21.0908679Z Pulling image: appsvc/python:3.11_20260504.4.tuxprod.
2026-05-21T16:16:22.4467030Z Container is starting.
2026-05-21T16:16:22.4469221Z State: Starting, Action: MountingVolumes, LastError: ContainerTimeout, LastErrorTimestamp: 05/21/2026 16:08:45, LastErrorDetails: Container did not start within expected time limit of 230s. Please inspect your container logs for more details., Details: Mounting volumes for app-evangelista-backend-19863., DetailsLevel: INFO
2026-05-21T16:16:22.4554592Z Establishing user namespace if not established already.
2026-05-21T16:16:22.4558911Z Establishing network if not established already.
2026-05-21T16:16:22.4561003Z Mounting volumes.
2026-05-21T16:16:22.4661123Z Nested mountpoint 
2026-05-21T16:16:22.6035864Z Nested mountpoint volatile/logs
2026-05-21T16:16:22.6330245Z Nested mountpoint 
2026-05-21T16:16:22.7408541Z Nested mountpoint 
2026-05-21T16:16:22.8238439Z Nested mountpoint 
2026-05-21T16:16:24.5552448Z State: Starting, Action: CreatingContainer, LastError: ContainerTimeout, LastErrorTimestamp: 05/21/2026 16:08:45, LastErrorDetails: Container did not start within expected time limit of 230s. Please inspect your container logs for more details., Details: Finished pulling container image and mounting volumes for app-evangelista-backend-19863. Allocatinng the rest of the container resources to finish container creation., DetailsLevel: INFO
2026-05-21T16:16:24.5564547Z Creating container.
2026-05-21T16:16:24.5662985Z Creating pipes for streaming container io.
2026-05-21T16:16:24.5736713Z Creating stdout named pipe at /podr/container/pipe/595fcc74f11d_app-evangelista-backend-19863/stdout_a6761691fc774b9690d7150557ff6a33.
2026-05-21T16:16:24.5765599Z Successfully created stdout named pipe at: /podr/container/pipe/595fcc74f11d_app-evangelista-backend-19863/stdout_a6761691fc774b9690d7150557ff6a33.
2026-05-21T16:16:24.6706950Z Opening named pipe /podr/container/pipe/595fcc74f11d_app-evangelista-backend-19863/stdout_a6761691fc774b9690d7150557ff6a33 for reading in non-blocking mode.
2026-05-21T16:16:24.6711064Z Successfully opened named pipe: /podr/container/pipe/595fcc74f11d_app-evangelista-backend-19863/stdout_a6761691fc774b9690d7150557ff6a33.
2026-05-21T16:16:24.6717953Z Successfully removed non-blocking flag from /podr/container/pipe/595fcc74f11d_app-evangelista-backend-19863/stdout_a6761691fc774b9690d7150557ff6a33.
2026-05-21T16:16:24.6839210Z Creating stderr named pipe at /podr/container/pipe/595fcc74f11d_app-evangelista-backend-19863/stderr_f8fb8eea77f948dca11563091caa5c8f.
2026-05-21T16:16:24.6841931Z Successfully created stderr named pipe at: /podr/container/pipe/595fcc74f11d_app-evangelista-backend-19863/stderr_f8fb8eea77f948dca11563091caa5c8f.
2026-05-21T16:16:24.7027611Z Opening named pipe /podr/container/pipe/595fcc74f11d_app-evangelista-backend-19863/stderr_f8fb8eea77f948dca11563091caa5c8f for reading in non-blocking mode.
2026-05-21T16:16:24.7044378Z Successfully opened named pipe: /podr/container/pipe/595fcc74f11d_app-evangelista-backend-19863/stderr_f8fb8eea77f948dca11563091caa5c8f.
2026-05-21T16:16:24.7211039Z Successfully removed non-blocking flag from /podr/container/pipe/595fcc74f11d_app-evangelista-backend-19863/stderr_f8fb8eea77f948dca11563091caa5c8f.
2026-05-21T16:16:24.7218542Z Creating container with image: appsvc/python:3.11_20260504.4.tuxprod from registry: 10.1.0.7:13209 and fully qualified image name: 10.1.0.7:13209/appsvc/python:3.11_20260504.4.tuxprod
2026-05-21T16:16:26.4417450Z Starting container: 595fcc74f11d_app-evangelista-backend-19863.
2026-05-21T16:16:26.6494545Z Starting watchers and probes.
2026-05-21T16:16:26.6500619Z Starting metrics collection.
2026-05-21T16:16:26.6600325Z Container is running.
2026-05-21T16:16:26.6609288Z State: Starting, Action: CreatingContainer, LastError: ContainerTimeout, LastErrorTimestamp: 05/21/2026 16:08:45, LastErrorDetails: Container did not start within expected time limit of 230s. Please inspect your container logs for more details., Details: Container app-evangelista-backend-19863 successfully created and is running., DetailsLevel: INFO
2026-05-21T16:16:27.2110979Z Container start method finished after 6120 ms.
2026-05-21T16:16:27.2112994Z State: Starting, Action: InitiatingSiteWarmUpProbe, LastError: ContainerTimeout, LastErrorTimestamp: 05/21/2026 16:08:45, LastErrorDetails: Container did not start within expected time limit of 230s. Please inspect your container logs for more details., Details: Container app-evangelista-backend-19863 successfully created and is running., DetailsLevel: INFO
2026-05-21T16:16:27.2594688Z State: Starting, Action: WaitingForSiteWarmUpProbeSuccess, LastError: ContainerTimeout, LastErrorTimestamp: 05/21/2026 16:08:45, LastErrorDetails: Container did not start within expected time limit of 230s. Please inspect your container logs for more details., Details: Pinging warmup path to ensure container is ready to receive requests., DetailsLevel: INFO
2026-05-21T16:19:10.3096330Z Container has finished running with exit code: 1.
2026-05-21T16:19:10.3102891Z Container is terminating. Grace period: 5 seconds.
2026-05-21T16:19:10.3355161Z Stop and delete container. Retry count = 0
2026-05-21T16:19:10.3360092Z Stopping container: 595fcc74f11d_app-evangelista-backend-19863.
2026-05-21T16:19:10.4398642Z Deleting container: 595fcc74f11d_app-evangelista-backend-19863. Retry count = 0
2026-05-21T16:19:12.1324593Z Container get mounts received unexpected exception.
2026-05-21T16:19:12.1582412Z Container get processes received unexpected exception.
2026-05-21T16:19:13.4541611Z Container get mounts received unexpected exception.
2026-05-21T16:19:13.5234868Z Container get processes received unexpected exception.
2026-05-21T16:19:17.9627226Z Container spec TerminationMessagePolicy  path 
2026-05-21T16:19:17.9635198Z Container is terminated. Total time elapsed: 7643 ms.
2026-05-21T16:19:17.9825435Z Site container: app-evangelista-backend-19863 terminated during site startup.
2026-05-21T16:19:18.0103144Z State: Stopping, Action: CancellingStartup, LastError: ContainerTimeout, LastErrorTimestamp: 05/21/2026 16:08:45, LastErrorDetails: Container did not start within expected time limit of 230s. Please inspect your container logs for more details., Details: Site container: app-evangelista-backend-19863 terminated during site startup. Cancelling site startup., DetailsLevel: ERR
2026-05-21T16:19:18.1293596Z Site startup probe failed after 170.6864249 seconds.
2026-05-21T16:19:18.4322753Z State: Stopping, Action: CancellingStartup, LastError: ContainerTimeout, LastErrorTimestamp: 05/21/2026 16:19:18, LastErrorDetails: Container did not start within expected time limit of 230s. Please inspect your container logs for more details., Details: Site container: app-evangelista-backend-19863 terminated during site startup. Cancelling site startup., DetailsLevel: ERR
2026-05-21T16:19:18.5217311Z Failed to start site. Revert by stopping site.
2026-05-21T16:19:18.5275161Z State: Stopping, Action: StoppingSite, LastError: ContainerTimeout, LastErrorTimestamp: 05/21/2026 16:19:18, LastErrorDetails: Container did not start within expected time limit of 230s. Please inspect your container logs for more details., Details: Site container: app-evangelista-backend-19863 terminated during site startup. Cancelling site startup., DetailsLevel: ERR
2026-05-21T16:19:18.5329146Z State: Stopping, Action: StoppingSiteContainers, LastError: ContainerTimeout, LastErrorTimestamp: 05/21/2026 16:19:18, LastErrorDetails: Container did not start within expected time limit of 230s. Please inspect your container logs for more details., Details: Site container: app-evangelista-backend-19863 terminated during site startup. Cancelling site startup., DetailsLevel: ERR
2026-05-21T16:19:18.5334172Z Site: app-evangelista-backend-19863 stopped.
2026-05-21T16:19:18.5440435Z State: Stopping, Action: UnmountingVolumes, LastError: ContainerTimeout, LastErrorTimestamp: 05/21/2026 16:19:18, LastErrorDetails: Container did not start within expected time limit of 230s. Please inspect your container logs for more details., Details: Site container: app-evangelista-backend-19863 terminated during site startup. Cancelling site startup., DetailsLevel: ERR
2026-05-21T16:19:19.1305062Z State: Stopping, Action: StoppingSiteNetworks, LastError: ContainerTimeout, LastErrorTimestamp: 05/21/2026 16:19:18, LastErrorDetails: Container did not start within expected time limit of 230s. Please inspect your container logs for more details., Details: Site container: app-evangelista-backend-19863 terminated during site startup. Cancelling site startup., DetailsLevel: ERR
2026-05-21T16:19:19.3835367Z State: Stopped, Action: None, LastError: ContainerTimeout, LastErrorTimestamp: 05/21/2026 16:19:18, LastErrorDetails: Container did not start within expected time limit of 230s. Please inspect your container logs for more details., Details: Site stopped at 05/21/2026 16:19:19 (UTC), DetailsLevel: ERR
2026-05-21T16:19:19.5241168Z State: Stopped, Action: None, LastError: ContainerTimeout, LastErrorTimestamp: 05/21/2026 16:19:18, LastErrorDetails: Container did not start within expected time limit of 230s. Please inspect your container logs for more details., Details: Site stopped at 05/21/2026 16:19:19 (UTC), DetailsLevel: ERR
2026-05-21T16:24:01.9865430Z State: Starting, Action: EstablishingSiteNetworks, LastError: ContainerTimeout, LastErrorTimestamp: 05/21/2026 16:19:18, LastErrorDetails: Container did not start within expected time limit of 230s. Please inspect your container logs for more details., Details: Site stopped at 05/21/2026 16:19:19 (UTC), DetailsLevel: ERR
2026-05-21T16:24:08.5733002Z State: Starting, Action: StartingSiteContainers, LastError: ContainerTimeout, LastErrorTimestamp: 05/21/2026 16:19:18, LastErrorDetails: Container did not start within expected time limit of 230s. Please inspect your container logs for more details., Details: Site stopped at 05/21/2026 16:19:19 (UTC), DetailsLevel: ERR
2026-05-21T16:24:08.5823990Z Container start method called.
2026-05-21T16:24:08.5921192Z State: Starting, Action: PullingImage, LastError: ContainerTimeout, LastErrorTimestamp: 05/21/2026 16:19:18, LastErrorDetails: Container did not start within expected time limit of 230s. Please inspect your container logs for more details., Details: Pulling image 10.1.0.7:13209/appsvc/python:3.11_20260504.4.tuxprod for app-evangelista-backend-19863., DetailsLevel: INFO
2026-05-21T16:24:08.5931019Z Establishing network.
2026-05-21T16:24:08.6127223Z Pulling image: appsvc/python:3.11_20260504.4.tuxprod.
2026-05-21T16:24:09.9708206Z Container is starting.
2026-05-21T16:24:09.9724440Z State: Starting, Action: MountingVolumes, LastError: ContainerTimeout, LastErrorTimestamp: 05/21/2026 16:19:18, LastErrorDetails: Container did not start within expected time limit of 230s. Please inspect your container logs for more details., Details: Mounting volumes for app-evangelista-backend-19863., DetailsLevel: INFO
2026-05-21T16:24:09.9832799Z Establishing user namespace if not established already.
2026-05-21T16:24:09.9842450Z Establishing network if not established already.
2026-05-21T16:24:09.9936815Z Mounting volumes.
2026-05-21T16:24:10.0336189Z Nested mountpoint 
2026-05-21T16:24:10.2050322Z Nested mountpoint volatile/logs
2026-05-21T16:24:10.2707808Z Nested mountpoint 
2026-05-21T16:24:10.4981898Z Nested mountpoint 
2026-05-21T16:24:10.5178256Z Nested mountpoint 
2026-05-21T16:24:11.7864153Z State: Starting, Action: CreatingContainer, LastError: ContainerTimeout, LastErrorTimestamp: 05/21/2026 16:19:18, LastErrorDetails: Container did not start within expected time limit of 230s. Please inspect your container logs for more details., Details: Finished pulling container image and mounting volumes for app-evangelista-backend-19863. Allocatinng the rest of the container resources to finish container creation., DetailsLevel: INFO
2026-05-21T16:24:11.7874946Z Creating container.
2026-05-21T16:24:11.7879100Z Creating pipes for streaming container io.
2026-05-21T16:24:11.7880263Z Creating stdout named pipe at /podr/container/pipe/cb832c254799_app-evangelista-backend-19863/stdout_02b0e909a49642348e5cf7820ce40bfb.
2026-05-21T16:24:11.8082338Z Successfully created stdout named pipe at: /podr/container/pipe/cb832c254799_app-evangelista-backend-19863/stdout_02b0e909a49642348e5cf7820ce40bfb.
2026-05-21T16:24:11.8085314Z Opening named pipe /podr/container/pipe/cb832c254799_app-evangelista-backend-19863/stdout_02b0e909a49642348e5cf7820ce40bfb for reading in non-blocking mode.
2026-05-21T16:24:11.8089419Z Successfully opened named pipe: /podr/container/pipe/cb832c254799_app-evangelista-backend-19863/stdout_02b0e909a49642348e5cf7820ce40bfb.
2026-05-21T16:24:11.8090583Z Successfully removed non-blocking flag from /podr/container/pipe/cb832c254799_app-evangelista-backend-19863/stdout_02b0e909a49642348e5cf7820ce40bfb.
2026-05-21T16:24:11.8275422Z Creating stderr named pipe at /podr/container/pipe/cb832c254799_app-evangelista-backend-19863/stderr_35697772c48740c29643365e7b73a1ad.
2026-05-21T16:24:11.8370670Z Successfully created stderr named pipe at: /podr/container/pipe/cb832c254799_app-evangelista-backend-19863/stderr_35697772c48740c29643365e7b73a1ad.
2026-05-21T16:24:11.8373013Z Opening named pipe /podr/container/pipe/cb832c254799_app-evangelista-backend-19863/stderr_35697772c48740c29643365e7b73a1ad for reading in non-blocking mode.
2026-05-21T16:24:11.8374441Z Successfully opened named pipe: /podr/container/pipe/cb832c254799_app-evangelista-backend-19863/stderr_35697772c48740c29643365e7b73a1ad.
2026-05-21T16:24:11.8375540Z Successfully removed non-blocking flag from /podr/container/pipe/cb832c254799_app-evangelista-backend-19863/stderr_35697772c48740c29643365e7b73a1ad.
2026-05-21T16:24:11.8377135Z Creating container with image: appsvc/python:3.11_20260504.4.tuxprod from registry: 10.1.0.7:13209 and fully qualified image name: 10.1.0.7:13209/appsvc/python:3.11_20260504.4.tuxprod
2026-05-21T16:24:12.3725810Z Container get mounts received unexpected exception.
2026-05-21T16:24:12.3826551Z Container get processes received unexpected exception.
2026-05-21T16:24:14.0515296Z Starting container: cb832c254799_app-evangelista-backend-19863.
2026-05-21T16:24:14.4209086Z Starting watchers and probes.
2026-05-21T16:24:14.4312674Z Starting metrics collection.
2026-05-21T16:24:14.4392236Z Container is running.
2026-05-21T16:24:14.4421455Z State: Starting, Action: CreatingContainer, LastError: ContainerTimeout, LastErrorTimestamp: 05/21/2026 16:19:18, LastErrorDetails: Container did not start within expected time limit of 230s. Please inspect your container logs for more details., Details: Container app-evangelista-backend-19863 successfully created and is running., DetailsLevel: INFO
2026-05-21T16:24:14.7564202Z Container start method finished after 6173 ms.
2026-05-21T16:24:14.8923275Z State: Starting, Action: InitiatingSiteWarmUpProbe, LastError: ContainerTimeout, LastErrorTimestamp: 05/21/2026 16:19:18, LastErrorDetails: Container did not start within expected time limit of 230s. Please inspect your container logs for more details., Details: Container app-evangelista-backend-19863 successfully created and is running., DetailsLevel: INFO
2026-05-21T16:24:14.8924875Z State: Starting, Action: WaitingForSiteWarmUpProbeSuccess, LastError: ContainerTimeout, LastErrorTimestamp: 05/21/2026 16:19:18, LastErrorDetails: Container did not start within expected time limit of 230s. Please inspect your container logs for more details., Details: Pinging warmup path to ensure container is ready to receive requests., DetailsLevel: INFO
2026-05-21T16:25:02.0161981Z Container has finished running with exit code: 1.
2026-05-21T16:25:02.0163309Z Container is terminating. Grace period: 5 seconds.
2026-05-21T16:25:02.1126675Z Stop and delete container. Retry count = 0
2026-05-21T16:25:02.1145961Z Stopping container: cb832c254799_app-evangelista-backend-19863.
2026-05-21T16:25:02.4989638Z Deleting container: cb832c254799_app-evangelista-backend-19863. Retry count = 0
2026-05-21T16:25:03.3825971Z Container spec TerminationMessagePolicy  path 
2026-05-21T16:25:03.4113062Z Container is terminated. Total time elapsed: 1344 ms.
2026-05-21T16:25:03.4120989Z Site container: app-evangelista-backend-19863 terminated during site startup.
2026-05-21T16:25:03.4130246Z State: Stopping, Action: CancellingStartup, LastError: ContainerTimeout, LastErrorTimestamp: 05/21/2026 16:19:18, LastErrorDetails: Container did not start within expected time limit of 230s. Please inspect your container logs for more details., Details: Site container: app-evangelista-backend-19863 terminated during site startup. Cancelling site startup., DetailsLevel: ERR
2026-05-21T16:25:03.5199340Z Site startup probe failed after 48.566294 seconds.
2026-05-21T16:25:04.2937403Z State: Stopping, Action: CancellingStartup, LastError: ContainerTimeout, LastErrorTimestamp: 05/21/2026 16:25:04, LastErrorDetails: Container did not start within expected time limit of 230s. Please inspect your container logs for more details., Details: Site container: app-evangelista-backend-19863 terminated during site startup. Cancelling site startup., DetailsLevel: ERR
2026-05-21T16:25:04.4042775Z Failed to start site. Revert by stopping site.
2026-05-21T16:25:04.4443159Z State: Stopping, Action: StoppingSite, LastError: ContainerTimeout, LastErrorTimestamp: 05/21/2026 16:25:04, LastErrorDetails: Container did not start within expected time limit of 230s. Please inspect your container logs for more details., Details: Site container: app-evangelista-backend-19863 terminated during site startup. Cancelling site startup., DetailsLevel: ERR
2026-05-21T16:25:04.4531370Z State: Stopping, Action: StoppingSiteContainers, LastError: ContainerTimeout, LastErrorTimestamp: 05/21/2026 16:25:04, LastErrorDetails: Container did not start within expected time limit of 230s. Please inspect your container logs for more details., Details: Site container: app-evangelista-backend-19863 terminated during site startup. Cancelling site startup., DetailsLevel: ERR
2026-05-21T16:25:04.4531772Z Site: app-evangelista-backend-19863 stopped.
2026-05-21T16:25:04.5427058Z State: Stopping, Action: UnmountingVolumes, LastError: ContainerTimeout, LastErrorTimestamp: 05/21/2026 16:25:04, LastErrorDetails: Container did not start within expected time limit of 230s. Please inspect your container logs for more details., Details: Site container: app-evangelista-backend-19863 terminated during site startup. Cancelling site startup., DetailsLevel: ERR
2026-05-21T16:25:05.3390655Z State: Stopping, Action: StoppingSiteNetworks, LastError: ContainerTimeout, LastErrorTimestamp: 05/21/2026 16:25:04, LastErrorDetails: Container did not start within expected time limit of 230s. Please inspect your container logs for more details., Details: Site container: app-evangelista-backend-19863 terminated during site startup. Cancelling site startup., DetailsLevel: ERR
2026-05-21T16:25:05.9065306Z Site: app-evangelista-backend-19863 will be blocked for 1 minutes till 05/21/2026 16:26:05
2026-05-21T16:25:05.9067634Z State: Blocked, Action: StoppingSiteNetworks, LastError: ContainerTimeout, LastErrorTimestamp: 05/21/2026 16:25:04, LastErrorDetails: Container did not start within expected time limit of 230s. Please inspect your container logs for more details., Details: Site: app-evangelista-backend-19863 will be blocked for 1 minutes till 05/21/2026 16:26:05, DetailsLevel: WARN
2026-05-21T16:25:05.9360179Z State: Stopped, Action: None, LastError: ContainerTimeout, LastErrorTimestamp: 05/21/2026 16:25:04, LastErrorDetails: Container did not start within expected time limit of 230s. Please inspect your container logs for more details., Details: Site stopped at 05/21/2026 16:25:05 (UTC), DetailsLevel: WARN
2026-05-21T16:25:06.3058612Z State: Stopped, Action: None, LastError: ContainerTimeout, LastErrorTimestamp: 05/21/2026 16:25:04, LastErrorDetails: Container did not start within expected time limit of 230s. Please inspect your container logs for more details., Details: Site stopped at 05/21/2026 16:25:05 (UTC), DetailsLevel: WARN
2026-05-21T16:25:53.5883114Z State: Blocked, Action: None, LastError: ContainerTimeout, LastErrorTimestamp: 05/21/2026 16:25:04, LastErrorDetails: Container did not start within expected time limit of 230s. Please inspect your container logs for more details., Details: Site is blocked due to multiple, consecutive cold start failures. Site scheduled to be unblocked at 05/21/2026 16:26:05, DetailsLevel: WARN
2026-05-21T16:25:53.5885565Z Start site prohibitted because the site is being blocked.
2026-05-21T16:26:05.9117398Z Site: app-evangelista-backend-19863 is unblocked.
2026-05-21T20:33:00.6218284Z State: Starting, Action: EstablishingSiteNetworks, LastError: ContainerTimeout, LastErrorTimestamp: 05/21/2026 16:25:04, LastErrorDetails: Container did not start within expected time limit of 230s. Please inspect your container logs for more details., Details: Site is blocked due to multiple, consecutive cold start failures. Site scheduled to be unblocked at 05/21/2026 16:26:05, DetailsLevel: WARN
2026-05-21T20:33:03.9417502Z State: Starting, Action: StartingSiteContainers, LastError: ContainerTimeout, LastErrorTimestamp: 05/21/2026 16:25:04, LastErrorDetails: Container did not start within expected time limit of 230s. Please inspect your container logs for more details., Details: Site is blocked due to multiple, consecutive cold start failures. Site scheduled to be unblocked at 05/21/2026 16:26:05, DetailsLevel: WARN
2026-05-21T20:33:03.9434210Z Container start method called.
2026-05-21T20:33:03.9723538Z State: Starting, Action: PullingImage, LastError: ContainerTimeout, LastErrorTimestamp: 05/21/2026 16:25:04, LastErrorDetails: Container did not start within expected time limit of 230s. Please inspect your container logs for more details., Details: Pulling image 10.1.0.7:13209/appsvc/python:3.11_20260504.4.tuxprod for app-evangelista-backend-19863., DetailsLevel: INFO
2026-05-21T20:33:03.9740953Z Establishing network.
2026-05-21T20:33:03.9927098Z Pulling image: appsvc/python:3.11_20260504.4.tuxprod.
2026-05-21T20:33:04.3453580Z Container is starting.
2026-05-21T20:33:04.3503416Z State: Starting, Action: MountingVolumes, LastError: ContainerTimeout, LastErrorTimestamp: 05/21/2026 16:25:04, LastErrorDetails: Container did not start within expected time limit of 230s. Please inspect your container logs for more details., Details: Mounting volumes for app-evangelista-backend-19863., DetailsLevel: INFO
2026-05-21T20:33:04.3509393Z Establishing user namespace if not established already.
2026-05-21T20:33:04.3510737Z Establishing network if not established already.
2026-05-21T20:33:04.3518378Z Mounting volumes.
2026-05-21T20:33:04.3639011Z Nested mountpoint 
2026-05-21T20:33:04.4326487Z Nested mountpoint volatile/logs
2026-05-21T20:33:04.4831337Z Nested mountpoint 
2026-05-21T20:33:04.5497969Z Nested mountpoint 
2026-05-21T20:33:04.5524912Z Nested mountpoint 
2026-05-21T20:33:05.3900227Z State: Starting, Action: CreatingContainer, LastError: ContainerTimeout, LastErrorTimestamp: 05/21/2026 16:25:04, LastErrorDetails: Container did not start within expected time limit of 230s. Please inspect your container logs for more details., Details: Finished pulling container image and mounting volumes for app-evangelista-backend-19863. Allocatinng the rest of the container resources to finish container creation., DetailsLevel: INFO
2026-05-21T20:33:05.3991989Z Creating container.
2026-05-21T20:33:05.4026886Z Creating pipes for streaming container io.
2026-05-21T20:33:05.4124304Z Creating stdout named pipe at /podr/container/pipe/fa128e31fa66_app-evangelista-backend-19863/stdout_46af9d29d0e940e69d1d2a1bc1995978.
2026-05-21T20:33:05.4322205Z Successfully created stdout named pipe at: /podr/container/pipe/fa128e31fa66_app-evangelista-backend-19863/stdout_46af9d29d0e940e69d1d2a1bc1995978.
2026-05-21T20:33:05.4395780Z Opening named pipe /podr/container/pipe/fa128e31fa66_app-evangelista-backend-19863/stdout_46af9d29d0e940e69d1d2a1bc1995978 for reading in non-blocking mode.
2026-05-21T20:33:05.4402936Z Successfully opened named pipe: /podr/container/pipe/fa128e31fa66_app-evangelista-backend-19863/stdout_46af9d29d0e940e69d1d2a1bc1995978.
2026-05-21T20:33:05.4412740Z Successfully removed non-blocking flag from /podr/container/pipe/fa128e31fa66_app-evangelista-backend-19863/stdout_46af9d29d0e940e69d1d2a1bc1995978.
2026-05-21T20:33:05.4429838Z Creating stderr named pipe at /podr/container/pipe/fa128e31fa66_app-evangelista-backend-19863/stderr_b99c576b6edf42d6bd8d7035d25e500c.
2026-05-21T20:33:05.4518396Z Successfully created stderr named pipe at: /podr/container/pipe/fa128e31fa66_app-evangelista-backend-19863/stderr_b99c576b6edf42d6bd8d7035d25e500c.
2026-05-21T20:33:05.4521953Z Opening named pipe /podr/container/pipe/fa128e31fa66_app-evangelista-backend-19863/stderr_b99c576b6edf42d6bd8d7035d25e500c for reading in non-blocking mode.
2026-05-21T20:33:05.4523593Z Successfully opened named pipe: /podr/container/pipe/fa128e31fa66_app-evangelista-backend-19863/stderr_b99c576b6edf42d6bd8d7035d25e500c.
2026-05-21T20:33:05.4524648Z Successfully removed non-blocking flag from /podr/container/pipe/fa128e31fa66_app-evangelista-backend-19863/stderr_b99c576b6edf42d6bd8d7035d25e500c.
2026-05-21T20:33:05.4619626Z Creating container with image: appsvc/python:3.11_20260504.4.tuxprod from registry: 10.1.0.7:13209 and fully qualified image name: 10.1.0.7:13209/appsvc/python:3.11_20260504.4.tuxprod
2026-05-21T20:33:06.3853387Z Starting container: fa128e31fa66_app-evangelista-backend-19863.
2026-05-21T20:33:06.6421909Z Starting watchers and probes.
2026-05-21T20:33:06.6618058Z Starting metrics collection.
2026-05-21T20:33:06.6818270Z Container is running.
2026-05-21T20:33:06.6897966Z State: Starting, Action: CreatingContainer, LastError: ContainerTimeout, LastErrorTimestamp: 05/21/2026 16:25:04, LastErrorDetails: Container did not start within expected time limit of 230s. Please inspect your container logs for more details., Details: Container app-evangelista-backend-19863 successfully created and is running., DetailsLevel: INFO
2026-05-21T20:33:07.1549006Z Container start method finished after 3211 ms.
2026-05-21T20:33:07.1551082Z State: Starting, Action: InitiatingSiteWarmUpProbe, LastError: ContainerTimeout, LastErrorTimestamp: 05/21/2026 16:25:04, LastErrorDetails: Container did not start within expected time limit of 230s. Please inspect your container logs for more details., Details: Container app-evangelista-backend-19863 successfully created and is running., DetailsLevel: INFO
2026-05-21T20:33:07.1634494Z State: Starting, Action: WaitingForSiteWarmUpProbeSuccess, LastError: ContainerTimeout, LastErrorTimestamp: 05/21/2026 16:25:04, LastErrorDetails: Container did not start within expected time limit of 230s. Please inspect your container logs for more details., Details: Pinging warmup path to ensure container is ready to receive requests., DetailsLevel: INFO
2026-05-21T20:34:58.6417766Z Container has finished running with exit code: 1.
2026-05-21T20:34:58.6495149Z Container is terminating. Grace period: 5 seconds.
2026-05-21T20:34:58.6836627Z Stop and delete container. Retry count = 0
2026-05-21T20:34:58.6889197Z Stopping container: fa128e31fa66_app-evangelista-backend-19863.
2026-05-21T20:34:58.7376551Z Container get mounts received unexpected exception.
2026-05-21T20:34:58.8839161Z Deleting container: fa128e31fa66_app-evangelista-backend-19863. Retry count = 0
2026-05-21T20:35:06.9188545Z Container spec TerminationMessagePolicy  path 
2026-05-21T20:35:06.9296069Z Container is terminated. Total time elapsed: 8244 ms.
2026-05-21T20:35:06.9312737Z Site container: app-evangelista-backend-19863 terminated during site startup.
2026-05-21T20:35:06.9494090Z State: Stopping, Action: CancellingStartup, LastError: ContainerTimeout, LastErrorTimestamp: 05/21/2026 16:25:04, LastErrorDetails: Container did not start within expected time limit of 230s. Please inspect your container logs for more details., Details: Site container: app-evangelista-backend-19863 terminated during site startup. Cancelling site startup., DetailsLevel: ERR
2026-05-21T20:35:07.1205146Z Site startup probe failed after 119.7769483 seconds.
2026-05-21T20:35:07.4606513Z State: Stopping, Action: CancellingStartup, LastError: ContainerTimeout, LastErrorTimestamp: 05/21/2026 20:35:07, LastErrorDetails: Container did not start within expected time limit of 230s. Please inspect your container logs for more details., Details: Site container: app-evangelista-backend-19863 terminated during site startup. Cancelling site startup., DetailsLevel: ERR
2026-05-21T20:35:07.5141180Z Failed to start site. Revert by stopping site.
2026-05-21T20:35:07.5633734Z State: Stopping, Action: StoppingSite, LastError: ContainerTimeout, LastErrorTimestamp: 05/21/2026 20:35:07, LastErrorDetails: Container did not start within expected time limit of 230s. Please inspect your container logs for more details., Details: Site container: app-evangelista-backend-19863 terminated during site startup. Cancelling site startup., DetailsLevel: ERR
2026-05-21T20:35:07.5717121Z State: Stopping, Action: StoppingSiteContainers, LastError: ContainerTimeout, LastErrorTimestamp: 05/21/2026 20:35:07, LastErrorDetails: Container did not start within expected time limit of 230s. Please inspect your container logs for more details., Details: Site container: app-evangelista-backend-19863 terminated during site startup. Cancelling site startup., DetailsLevel: ERR
2026-05-21T20:35:07.5795213Z Site: app-evangelista-backend-19863 stopped.
2026-05-21T20:35:07.5907053Z State: Stopping, Action: UnmountingVolumes, LastError: ContainerTimeout, LastErrorTimestamp: 05/21/2026 20:35:07, LastErrorDetails: Container did not start within expected time limit of 230s. Please inspect your container logs for more details., Details: Site container: app-evangelista-backend-19863 terminated during site startup. Cancelling site startup., DetailsLevel: ERR
2026-05-21T20:35:08.1567744Z State: Stopping, Action: StoppingSiteNetworks, LastError: ContainerTimeout, LastErrorTimestamp: 05/21/2026 20:35:07, LastErrorDetails: Container did not start within expected time limit of 230s. Please inspect your container logs for more details., Details: Site container: app-evangelista-backend-19863 terminated during site startup. Cancelling site startup., DetailsLevel: ERR
2026-05-21T20:35:08.4233711Z Site: app-evangelista-backend-19863 will be blocked for 1 minutes till 05/21/2026 20:36:08
2026-05-21T20:35:08.4252643Z State: Blocked, Action: StoppingSiteNetworks, LastError: ContainerTimeout, LastErrorTimestamp: 05/21/2026 20:35:07, LastErrorDetails: Container did not start within expected time limit of 230s. Please inspect your container logs for more details., Details: Site: app-evangelista-backend-19863 will be blocked for 1 minutes till 05/21/2026 20:36:08, DetailsLevel: WARN
2026-05-21T20:35:08.4742082Z State: Stopped, Action: None, LastError: ContainerTimeout, LastErrorTimestamp: 05/21/2026 20:35:07, LastErrorDetails: Container did not start within expected time limit of 230s. Please inspect your container logs for more details., Details: Site stopped at 05/21/2026 20:35:08 (UTC), DetailsLevel: WARN
2026-05-21T20:35:08.8149913Z State: Stopped, Action: None, LastError: ContainerTimeout, LastErrorTimestamp: 05/21/2026 20:35:07, LastErrorDetails: Container did not start within expected time limit of 230s. Please inspect your container logs for more details., Details: Site stopped at 05/21/2026 20:35:08 (UTC), DetailsLevel: WARN
2026-05-21T20:36:08.4215339Z Site: app-evangelista-backend-19863 is unblocked.
2026-05-21T21:22:39.4251224Z State: Starting, Action: EstablishingSiteNetworks, LastError: ContainerTimeout, LastErrorTimestamp: 05/21/2026 20:35:07, LastErrorDetails: Container did not start within expected time limit of 230s. Please inspect your container logs for more details., Details: Site stopped at 05/21/2026 20:35:08 (UTC), DetailsLevel: WARN
2026-05-21T21:22:41.7144378Z State: Starting, Action: StartingSiteContainers, LastError: ContainerTimeout, LastErrorTimestamp: 05/21/2026 20:35:07, LastErrorDetails: Container did not start within expected time limit of 230s. Please inspect your container logs for more details., Details: Site stopped at 05/21/2026 20:35:08 (UTC), DetailsLevel: WARN
2026-05-21T21:22:41.7227682Z Container start method called.
2026-05-21T21:22:41.7339396Z State: Starting, Action: PullingImage, LastError: ContainerTimeout, LastErrorTimestamp: 05/21/2026 20:35:07, LastErrorDetails: Container did not start within expected time limit of 230s. Please inspect your container logs for more details., Details: Pulling image 10.1.0.7:13209/appsvc/python:3.11_20260504.4.tuxprod for app-evangelista-backend-19863., DetailsLevel: INFO
2026-05-21T21:22:41.7348614Z Establishing network.
2026-05-21T21:22:41.7825696Z Pulling image: appsvc/python:3.11_20260504.4.tuxprod.
2026-05-21T21:22:42.1592611Z Container is starting.
2026-05-21T21:22:42.1600680Z State: Starting, Action: MountingVolumes, LastError: ContainerTimeout, LastErrorTimestamp: 05/21/2026 20:35:07, LastErrorDetails: Container did not start within expected time limit of 230s. Please inspect your container logs for more details., Details: Mounting volumes for app-evangelista-backend-19863., DetailsLevel: INFO
2026-05-21T21:22:42.1607231Z Establishing user namespace if not established already.
2026-05-21T21:22:42.1662111Z Establishing network if not established already.
2026-05-21T21:22:42.1669876Z Mounting volumes.
2026-05-21T21:22:42.1793083Z Nested mountpoint 
2026-05-21T21:22:42.2574718Z Nested mountpoint volatile/logs
2026-05-21T21:22:42.2740394Z Nested mountpoint 
2026-05-21T21:22:42.4102945Z Nested mountpoint 
2026-05-21T21:22:42.4711530Z Nested mountpoint 
2026-05-21T21:22:43.1121829Z State: Starting, Action: CreatingContainer, LastError: ContainerTimeout, LastErrorTimestamp: 05/21/2026 20:35:07, LastErrorDetails: Container did not start within expected time limit of 230s. Please inspect your container logs for more details., Details: Finished pulling container image and mounting volumes for app-evangelista-backend-19863. Allocatinng the rest of the container resources to finish container creation., DetailsLevel: INFO
2026-05-21T21:22:43.1123294Z Creating container.
2026-05-21T21:22:43.1129513Z Creating pipes for streaming container io.
2026-05-21T21:22:43.1130677Z Creating stdout named pipe at /podr/container/pipe/33947ea48f68_app-evangelista-backend-19863/stdout_6d8359852ea8430bbaeefe75f5443bb1.
2026-05-21T21:22:43.1139592Z Successfully created stdout named pipe at: /podr/container/pipe/33947ea48f68_app-evangelista-backend-19863/stdout_6d8359852ea8430bbaeefe75f5443bb1.
2026-05-21T21:22:43.1140843Z Opening named pipe /podr/container/pipe/33947ea48f68_app-evangelista-backend-19863/stdout_6d8359852ea8430bbaeefe75f5443bb1 for reading in non-blocking mode.
2026-05-21T21:22:43.1142130Z Successfully opened named pipe: /podr/container/pipe/33947ea48f68_app-evangelista-backend-19863/stdout_6d8359852ea8430bbaeefe75f5443bb1.
2026-05-21T21:22:43.1224803Z Successfully removed non-blocking flag from /podr/container/pipe/33947ea48f68_app-evangelista-backend-19863/stdout_6d8359852ea8430bbaeefe75f5443bb1.
2026-05-21T21:22:43.1232853Z Creating stderr named pipe at /podr/container/pipe/33947ea48f68_app-evangelista-backend-19863/stderr_70dc5a5fcdca4d45839f39c566983e04.
2026-05-21T21:22:43.1234775Z Successfully created stderr named pipe at: /podr/container/pipe/33947ea48f68_app-evangelista-backend-19863/stderr_70dc5a5fcdca4d45839f39c566983e04.
2026-05-21T21:22:43.1235652Z Opening named pipe /podr/container/pipe/33947ea48f68_app-evangelista-backend-19863/stderr_70dc5a5fcdca4d45839f39c566983e04 for reading in non-blocking mode.
2026-05-21T21:22:43.1308683Z Successfully opened named pipe: /podr/container/pipe/33947ea48f68_app-evangelista-backend-19863/stderr_70dc5a5fcdca4d45839f39c566983e04.
2026-05-21T21:22:43.1317860Z Successfully removed non-blocking flag from /podr/container/pipe/33947ea48f68_app-evangelista-backend-19863/stderr_70dc5a5fcdca4d45839f39c566983e04.
2026-05-21T21:22:43.1529913Z Creating container with image: appsvc/python:3.11_20260504.4.tuxprod from registry: 10.1.0.7:13209 and fully qualified image name: 10.1.0.7:13209/appsvc/python:3.11_20260504.4.tuxprod
2026-05-21T21:22:44.2942307Z Starting container: 33947ea48f68_app-evangelista-backend-19863.
2026-05-21T21:22:44.4172327Z Starting watchers and probes.
2026-05-21T21:22:44.4337773Z Starting metrics collection.
2026-05-21T21:22:44.4630779Z Container is running.
2026-05-21T21:22:44.4652451Z State: Starting, Action: CreatingContainer, LastError: ContainerTimeout, LastErrorTimestamp: 05/21/2026 20:35:07, LastErrorDetails: Container did not start within expected time limit of 230s. Please inspect your container logs for more details., Details: Container app-evangelista-backend-19863 successfully created and is running., DetailsLevel: INFO
2026-05-21T21:22:44.8112723Z Container start method finished after 3081 ms.
2026-05-21T21:22:44.8424995Z State: Starting, Action: InitiatingSiteWarmUpProbe, LastError: ContainerTimeout, LastErrorTimestamp: 05/21/2026 20:35:07, LastErrorDetails: Container did not start within expected time limit of 230s. Please inspect your container logs for more details., Details: Container app-evangelista-backend-19863 successfully created and is running., DetailsLevel: INFO
2026-05-21T21:22:44.8431409Z State: Starting, Action: WaitingForSiteWarmUpProbeSuccess, LastError: ContainerTimeout, LastErrorTimestamp: 05/21/2026 20:35:07, LastErrorDetails: Container did not start within expected time limit of 230s. Please inspect your container logs for more details., Details: Pinging warmup path to ensure container is ready to receive requests., DetailsLevel: INFO
2026-05-21T21:24:43.9295148Z Container has finished running with exit code: 1.
2026-05-21T21:24:43.9305159Z Container is terminating. Grace period: 5 seconds.
2026-05-21T21:24:43.9745627Z Stop and delete container. Retry count = 0
2026-05-21T21:24:43.9747121Z Stopping container: 33947ea48f68_app-evangelista-backend-19863.
2026-05-21T21:24:44.1100905Z Deleting container: 33947ea48f68_app-evangelista-backend-19863. Retry count = 0
2026-05-21T21:24:51.2954556Z Container spec TerminationMessagePolicy  path 
2026-05-21T21:24:51.3128893Z Container is terminated. Total time elapsed: 7376 ms.
2026-05-21T21:24:51.3157694Z Site container: app-evangelista-backend-19863 terminated during site startup.
2026-05-21T21:24:51.3845935Z State: Stopping, Action: CancellingStartup, LastError: ContainerTimeout, LastErrorTimestamp: 05/21/2026 20:35:07, LastErrorDetails: Container did not start within expected time limit of 230s. Please inspect your container logs for more details., Details: Site container: app-evangelista-backend-19863 terminated during site startup. Cancelling site startup., DetailsLevel: ERR
2026-05-21T21:24:51.7448757Z Site startup probe failed after 126.7779224 seconds.
2026-05-21T21:24:52.0029003Z State: Stopping, Action: CancellingStartup, LastError: ContainerTimeout, LastErrorTimestamp: 05/21/2026 21:24:52, LastErrorDetails: Container did not start within expected time limit of 230s. Please inspect your container logs for more details., Details: Site container: app-evangelista-backend-19863 terminated during site startup. Cancelling site startup., DetailsLevel: ERR
2026-05-21T21:24:52.0428756Z Failed to start site. Revert by stopping site.
2026-05-21T21:24:52.0550125Z State: Stopping, Action: StoppingSite, LastError: ContainerTimeout, LastErrorTimestamp: 05/21/2026 21:24:52, LastErrorDetails: Container did not start within expected time limit of 230s. Please inspect your container logs for more details., Details: Site container: app-evangelista-backend-19863 terminated during site startup. Cancelling site startup., DetailsLevel: ERR
2026-05-21T21:24:52.0713879Z State: Stopping, Action: StoppingSiteContainers, LastError: ContainerTimeout, LastErrorTimestamp: 05/21/2026 21:24:52, LastErrorDetails: Container did not start within expected time limit of 230s. Please inspect your container logs for more details., Details: Site container: app-evangelista-backend-19863 terminated during site startup. Cancelling site startup., DetailsLevel: ERR
2026-05-21T21:24:52.0719253Z Site: app-evangelista-backend-19863 stopped.
2026-05-21T21:24:52.0816689Z State: Stopping, Action: UnmountingVolumes, LastError: ContainerTimeout, LastErrorTimestamp: 05/21/2026 21:24:52, LastErrorDetails: Container did not start within expected time limit of 230s. Please inspect your container logs for more details., Details: Site container: app-evangelista-backend-19863 terminated during site startup. Cancelling site startup., DetailsLevel: ERR
2026-05-21T21:24:52.7971638Z State: Stopping, Action: StoppingSiteNetworks, LastError: ContainerTimeout, LastErrorTimestamp: 05/21/2026 21:24:52, LastErrorDetails: Container did not start within expected time limit of 230s. Please inspect your container logs for more details., Details: Site container: app-evangelista-backend-19863 terminated during site startup. Cancelling site startup., DetailsLevel: ERR
2026-05-21T21:24:53.0508470Z Site: app-evangelista-backend-19863 will be blocked for 2 minutes till 05/21/2026 21:26:53
2026-05-21T21:24:53.0576666Z State: Blocked, Action: StoppingSiteNetworks, LastError: ContainerTimeout, LastErrorTimestamp: 05/21/2026 21:24:52, LastErrorDetails: Container did not start within expected time limit of 230s. Please inspect your container logs for more details., Details: Site: app-evangelista-backend-19863 will be blocked for 2 minutes till 05/21/2026 21:26:53, DetailsLevel: WARN
2026-05-21T21:24:53.0699480Z State: Stopped, Action: None, LastError: ContainerTimeout, LastErrorTimestamp: 05/21/2026 21:24:52, LastErrorDetails: Container did not start within expected time limit of 230s. Please inspect your container logs for more details., Details: Site stopped at 05/21/2026 21:24:53 (UTC), DetailsLevel: WARN
2026-05-21T21:24:53.4651758Z State: Stopped, Action: None, LastError: ContainerTimeout, LastErrorTimestamp: 05/21/2026 21:24:52, LastErrorDetails: Container did not start within expected time limit of 230s. Please inspect your container logs for more details., Details: Site stopped at 05/21/2026 21:24:53 (UTC), DetailsLevel: WARN
2026-05-21T21:26:53.0698771Z Site: app-evangelista-backend-19863 is unblocked.
2026-05-21T21:59:07.2912292Z State: Starting, Action: EstablishingSiteNetworks, LastError: ContainerTimeout, LastErrorTimestamp: 05/21/2026 21:24:52, LastErrorDetails: Container did not start within expected time limit of 230s. Please inspect your container logs for more details., Details: Site stopped at 05/21/2026 21:24:53 (UTC), DetailsLevel: WARN
2026-05-21T21:59:09.5759894Z State: Starting, Action: StartingSiteContainers, LastError: ContainerTimeout, LastErrorTimestamp: 05/21/2026 21:24:52, LastErrorDetails: Container did not start within expected time limit of 230s. Please inspect your container logs for more details., Details: Site stopped at 05/21/2026 21:24:53 (UTC), DetailsLevel: WARN
2026-05-21T21:59:09.5782506Z Container start method called.
2026-05-21T21:59:09.5879061Z State: Starting, Action: PullingImage, LastError: ContainerTimeout, LastErrorTimestamp: 05/21/2026 21:24:52, LastErrorDetails: Container did not start within expected time limit of 230s. Please inspect your container logs for more details., Details: Pulling image 10.1.0.7:13209/appsvc/python:3.11_20260504.4.tuxprod for app-evangelista-backend-19863., DetailsLevel: INFO
2026-05-21T21:59:09.5955251Z Establishing network.
2026-05-21T21:59:09.5973647Z Pulling image: appsvc/python:3.11_20260504.4.tuxprod.
2026-05-21T21:59:09.9088099Z Container is starting.
2026-05-21T21:59:09.9094728Z State: Starting, Action: MountingVolumes, LastError: ContainerTimeout, LastErrorTimestamp: 05/21/2026 21:24:52, LastErrorDetails: Container did not start within expected time limit of 230s. Please inspect your container logs for more details., Details: Mounting volumes for app-evangelista-backend-19863., DetailsLevel: INFO
2026-05-21T21:59:09.9159763Z Establishing user namespace if not established already.
2026-05-21T21:59:09.9164528Z Establishing network if not established already.
2026-05-21T21:59:09.9168910Z Mounting volumes.
2026-05-21T21:59:09.9253938Z Nested mountpoint 
2026-05-21T21:59:09.9590234Z Nested mountpoint volatile/logs
2026-05-21T21:59:09.9882885Z Nested mountpoint 
2026-05-21T21:59:10.0289128Z Nested mountpoint 
2026-05-21T21:59:10.0761661Z Nested mountpoint 
2026-05-21T21:59:10.6579434Z State: Starting, Action: CreatingContainer, LastError: ContainerTimeout, LastErrorTimestamp: 05/21/2026 21:24:52, LastErrorDetails: Container did not start within expected time limit of 230s. Please inspect your container logs for more details., Details: Finished pulling container image and mounting volumes for app-evangelista-backend-19863. Allocatinng the rest of the container resources to finish container creation., DetailsLevel: INFO
2026-05-21T21:59:10.6584100Z Creating container.
2026-05-21T21:59:10.6592833Z Creating pipes for streaming container io.
2026-05-21T21:59:10.6655383Z Creating stdout named pipe at /podr/container/pipe/bb4dc9eddcdf_app-evangelista-backend-19863/stdout_afb06bb3838c474fb48857140821e762.
2026-05-21T21:59:10.8424044Z Successfully created stdout named pipe at: /podr/container/pipe/bb4dc9eddcdf_app-evangelista-backend-19863/stdout_afb06bb3838c474fb48857140821e762.
2026-05-21T21:59:10.8432569Z Opening named pipe /podr/container/pipe/bb4dc9eddcdf_app-evangelista-backend-19863/stdout_afb06bb3838c474fb48857140821e762 for reading in non-blocking mode.
2026-05-21T21:59:10.8440850Z Successfully opened named pipe: /podr/container/pipe/bb4dc9eddcdf_app-evangelista-backend-19863/stdout_afb06bb3838c474fb48857140821e762.
2026-05-21T21:59:10.8497694Z Successfully removed non-blocking flag from /podr/container/pipe/bb4dc9eddcdf_app-evangelista-backend-19863/stdout_afb06bb3838c474fb48857140821e762.
2026-05-21T21:59:10.8511900Z Creating stderr named pipe at /podr/container/pipe/bb4dc9eddcdf_app-evangelista-backend-19863/stderr_d0fa51ce62ce4a6d814217b425e0cdb1.
2026-05-21T21:59:10.8513794Z Successfully created stderr named pipe at: /podr/container/pipe/bb4dc9eddcdf_app-evangelista-backend-19863/stderr_d0fa51ce62ce4a6d814217b425e0cdb1.
2026-05-21T21:59:10.8514796Z Opening named pipe /podr/container/pipe/bb4dc9eddcdf_app-evangelista-backend-19863/stderr_d0fa51ce62ce4a6d814217b425e0cdb1 for reading in non-blocking mode.
2026-05-21T21:59:10.8515903Z Successfully opened named pipe: /podr/container/pipe/bb4dc9eddcdf_app-evangelista-backend-19863/stderr_d0fa51ce62ce4a6d814217b425e0cdb1.
2026-05-21T21:59:10.8524743Z Successfully removed non-blocking flag from /podr/container/pipe/bb4dc9eddcdf_app-evangelista-backend-19863/stderr_d0fa51ce62ce4a6d814217b425e0cdb1.
2026-05-21T21:59:10.8603171Z Creating container with image: appsvc/python:3.11_20260504.4.tuxprod from registry: 10.1.0.7:13209 and fully qualified image name: 10.1.0.7:13209/appsvc/python:3.11_20260504.4.tuxprod
2026-05-21T21:59:12.2238062Z Starting container: bb4dc9eddcdf_app-evangelista-backend-19863.
2026-05-21T21:59:12.4371622Z Starting watchers and probes.
2026-05-21T21:59:12.4450277Z Starting metrics collection.
2026-05-21T21:59:12.4526301Z Container is running.
2026-05-21T21:59:12.4533194Z State: Starting, Action: CreatingContainer, LastError: ContainerTimeout, LastErrorTimestamp: 05/21/2026 21:24:52, LastErrorDetails: Container did not start within expected time limit of 230s. Please inspect your container logs for more details., Details: Container app-evangelista-backend-19863 successfully created and is running., DetailsLevel: INFO
2026-05-21T21:59:12.8267722Z Container start method finished after 3205 ms.
2026-05-21T21:59:12.8348267Z State: Starting, Action: InitiatingSiteWarmUpProbe, LastError: ContainerTimeout, LastErrorTimestamp: 05/21/2026 21:24:52, LastErrorDetails: Container did not start within expected time limit of 230s. Please inspect your container logs for more details., Details: Container app-evangelista-backend-19863 successfully created and is running., DetailsLevel: INFO
2026-05-21T21:59:12.8349144Z State: Starting, Action: WaitingForSiteWarmUpProbeSuccess, LastError: ContainerTimeout, LastErrorTimestamp: 05/21/2026 21:24:52, LastErrorDetails: Container did not start within expected time limit of 230s. Please inspect your container logs for more details., Details: Pinging warmup path to ensure container is ready to receive requests., DetailsLevel: INFO
2026-05-21T22:01:06.0010542Z Container has finished running with exit code: 1.
2026-05-21T22:01:06.0034795Z Container is terminating. Grace period: 5 seconds.
2026-05-21T22:01:06.0210522Z Stop and delete container. Retry count = 0
2026-05-21T22:01:06.0229712Z Stopping container: bb4dc9eddcdf_app-evangelista-backend-19863.
2026-05-21T22:01:06.1902416Z Deleting container: bb4dc9eddcdf_app-evangelista-backend-19863. Retry count = 0
2026-05-21T22:01:12.7903274Z Container spec TerminationMessagePolicy  path 
2026-05-21T22:01:12.7928374Z Container is terminated. Total time elapsed: 6780 ms.
2026-05-21T22:01:12.8005352Z Site container: app-evangelista-backend-19863 terminated during site startup.
2026-05-21T22:01:12.8108724Z State: Stopping, Action: CancellingStartup, LastError: ContainerTimeout, LastErrorTimestamp: 05/21/2026 21:24:52, LastErrorDetails: Container did not start within expected time limit of 230s. Please inspect your container logs for more details., Details: Site container: app-evangelista-backend-19863 terminated during site startup. Cancelling site startup., DetailsLevel: ERR
2026-05-21T22:01:12.9894741Z Site startup probe failed after 120.1027343 seconds.
2026-05-21T22:01:13.5013461Z State: Stopping, Action: CancellingStartup, LastError: ContainerTimeout, LastErrorTimestamp: 05/21/2026 22:01:13, LastErrorDetails: Container did not start within expected time limit of 230s. Please inspect your container logs for more details., Details: Site container: app-evangelista-backend-19863 terminated during site startup. Cancelling site startup., DetailsLevel: ERR
2026-05-21T22:01:13.5286156Z Failed to start site. Revert by stopping site.
2026-05-21T22:01:13.5499006Z State: Stopping, Action: StoppingSite, LastError: ContainerTimeout, LastErrorTimestamp: 05/21/2026 22:01:13, LastErrorDetails: Container did not start within expected time limit of 230s. Please inspect your container logs for more details., Details: Site container: app-evangelista-backend-19863 terminated during site startup. Cancelling site startup., DetailsLevel: ERR
2026-05-21T22:01:13.5572623Z State: Stopping, Action: StoppingSiteContainers, LastError: ContainerTimeout, LastErrorTimestamp: 05/21/2026 22:01:13, LastErrorDetails: Container did not start within expected time limit of 230s. Please inspect your container logs for more details., Details: Site container: app-evangelista-backend-19863 terminated during site startup. Cancelling site startup., DetailsLevel: ERR
2026-05-21T22:01:13.5577620Z Site: app-evangelista-backend-19863 stopped.
2026-05-21T22:01:13.6866700Z State: Stopping, Action: UnmountingVolumes, LastError: ContainerTimeout, LastErrorTimestamp: 05/21/2026 22:01:13, LastErrorDetails: Container did not start within expected time limit of 230s. Please inspect your container logs for more details., Details: Site container: app-evangelista-backend-19863 terminated during site startup. Cancelling site startup., DetailsLevel: ERR
2026-05-21T22:01:14.4118179Z State: Stopping, Action: StoppingSiteNetworks, LastError: ContainerTimeout, LastErrorTimestamp: 05/21/2026 22:01:13, LastErrorDetails: Container did not start within expected time limit of 230s. Please inspect your container logs for more details., Details: Site container: app-evangelista-backend-19863 terminated during site startup. Cancelling site startup., DetailsLevel: ERR
2026-05-21T22:01:14.9465048Z Site: app-evangelista-backend-19863 will be blocked for 2 minutes till 05/21/2026 22:03:14
2026-05-21T22:01:15.0461258Z State: Blocked, Action: StoppingSiteNetworks, LastError: ContainerTimeout, LastErrorTimestamp: 05/21/2026 22:01:13, LastErrorDetails: Container did not start within expected time limit of 230s. Please inspect your container logs for more details., Details: Site: app-evangelista-backend-19863 will be blocked for 2 minutes till 05/21/2026 22:03:14, DetailsLevel: WARN
2026-05-21T22:01:15.0770402Z State: Stopped, Action: None, LastError: ContainerTimeout, LastErrorTimestamp: 05/21/2026 22:01:13, LastErrorDetails: Container did not start within expected time limit of 230s. Please inspect your container logs for more details., Details: Site stopped at 05/21/2026 22:01:15 (UTC), DetailsLevel: WARN
2026-05-21T22:01:15.6528523Z State: Stopped, Action: None, LastError: ContainerTimeout, LastErrorTimestamp: 05/21/2026 22:01:13, LastErrorDetails: Container did not start within expected time limit of 230s. Please inspect your container logs for more details., Details: Site stopped at 05/21/2026 22:01:15 (UTC), DetailsLevel: WARN
2026-05-21T22:03:14.8938395Z Site: app-evangelista-backend-19863 is unblocked.
2026-05-21T22:57:51.3980702Z State: Starting, Action: EstablishingSiteNetworks, LastError: ContainerTimeout, LastErrorTimestamp: 05/21/2026 22:01:13, LastErrorDetails: Container did not start within expected time limit of 230s. Please inspect your container logs for more details., Details: Site stopped at 05/21/2026 22:01:15 (UTC), DetailsLevel: WARN
2026-05-21T22:57:53.6305726Z State: Starting, Action: StartingSiteContainers, LastError: ContainerTimeout, LastErrorTimestamp: 05/21/2026 22:01:13, LastErrorDetails: Container did not start within expected time limit of 230s. Please inspect your container logs for more details., Details: Site stopped at 05/21/2026 22:01:15 (UTC), DetailsLevel: WARN
2026-05-21T22:57:53.6525335Z Container start method called.
2026-05-21T22:57:53.6987457Z State: Starting, Action: PullingImage, LastError: ContainerTimeout, LastErrorTimestamp: 05/21/2026 22:01:13, LastErrorDetails: Container did not start within expected time limit of 230s. Please inspect your container logs for more details., Details: Pulling image 10.1.0.7:13209/appsvc/python:3.11_20260504.4.tuxprod for app-evangelista-backend-19863., DetailsLevel: INFO
2026-05-21T22:57:53.6990597Z Establishing network.
2026-05-21T22:57:53.7193832Z Pulling image: appsvc/python:3.11_20260504.4.tuxprod.
2026-05-21T22:57:54.0033910Z Container is starting.
2026-05-21T22:57:54.0034843Z State: Starting, Action: MountingVolumes, LastError: ContainerTimeout, LastErrorTimestamp: 05/21/2026 22:01:13, LastErrorDetails: Container did not start within expected time limit of 230s. Please inspect your container logs for more details., Details: Mounting volumes for app-evangelista-backend-19863., DetailsLevel: INFO
2026-05-21T22:57:54.0087675Z Establishing user namespace if not established already.
2026-05-21T22:57:54.0093765Z Establishing network if not established already.
2026-05-21T22:57:54.0096219Z Mounting volumes.
2026-05-21T22:57:54.0130055Z Nested mountpoint 
2026-05-21T22:57:54.0706151Z Nested mountpoint volatile/logs
2026-05-21T22:57:54.1101152Z Nested mountpoint 
2026-05-21T22:57:54.2008439Z Nested mountpoint 
2026-05-21T22:57:54.2499523Z Nested mountpoint 
2026-05-21T22:57:54.6789205Z State: Starting, Action: CreatingContainer, LastError: ContainerTimeout, LastErrorTimestamp: 05/21/2026 22:01:13, LastErrorDetails: Container did not start within expected time limit of 230s. Please inspect your container logs for more details., Details: Finished pulling container image and mounting volumes for app-evangelista-backend-19863. Allocatinng the rest of the container resources to finish container creation., DetailsLevel: INFO
2026-05-21T22:57:54.6794056Z Creating container.
2026-05-21T22:57:54.6805256Z Creating pipes for streaming container io.
2026-05-21T22:57:54.6806395Z Creating stdout named pipe at /podr/container/pipe/c63e809400ee_app-evangelista-backend-19863/stdout_7db270f9b8504d33a3767c35a1083216.
2026-05-21T22:57:54.6910249Z Successfully created stdout named pipe at: /podr/container/pipe/c63e809400ee_app-evangelista-backend-19863/stdout_7db270f9b8504d33a3767c35a1083216.
2026-05-21T22:57:54.6912226Z Opening named pipe /podr/container/pipe/c63e809400ee_app-evangelista-backend-19863/stdout_7db270f9b8504d33a3767c35a1083216 for reading in non-blocking mode.
2026-05-21T22:57:54.6984630Z Successfully opened named pipe: /podr/container/pipe/c63e809400ee_app-evangelista-backend-19863/stdout_7db270f9b8504d33a3767c35a1083216.
2026-05-21T22:57:54.6995134Z Successfully removed non-blocking flag from /podr/container/pipe/c63e809400ee_app-evangelista-backend-19863/stdout_7db270f9b8504d33a3767c35a1083216.
2026-05-21T22:57:54.7018883Z Creating stderr named pipe at /podr/container/pipe/c63e809400ee_app-evangelista-backend-19863/stderr_954c6bed9483483eb9f6184db83abf67.
2026-05-21T22:57:54.7114342Z Successfully created stderr named pipe at: /podr/container/pipe/c63e809400ee_app-evangelista-backend-19863/stderr_954c6bed9483483eb9f6184db83abf67.
2026-05-21T22:57:54.7185037Z Opening named pipe /podr/container/pipe/c63e809400ee_app-evangelista-backend-19863/stderr_954c6bed9483483eb9f6184db83abf67 for reading in non-blocking mode.
2026-05-21T22:57:54.7192796Z Successfully opened named pipe: /podr/container/pipe/c63e809400ee_app-evangelista-backend-19863/stderr_954c6bed9483483eb9f6184db83abf67.
2026-05-21T22:57:54.7195768Z Successfully removed non-blocking flag from /podr/container/pipe/c63e809400ee_app-evangelista-backend-19863/stderr_954c6bed9483483eb9f6184db83abf67.
2026-05-21T22:57:54.7210669Z Creating container with image: appsvc/python:3.11_20260504.4.tuxprod from registry: 10.1.0.7:13209 and fully qualified image name: 10.1.0.7:13209/appsvc/python:3.11_20260504.4.tuxprod
2026-05-21T22:57:55.8812365Z Starting container: c63e809400ee_app-evangelista-backend-19863.
2026-05-21T22:57:56.0322214Z Starting watchers and probes.
2026-05-21T22:57:56.0457456Z Starting metrics collection.
2026-05-21T22:57:56.0750541Z Container is running.
2026-05-21T22:57:56.0837199Z State: Starting, Action: CreatingContainer, LastError: ContainerTimeout, LastErrorTimestamp: 05/21/2026 22:01:13, LastErrorDetails: Container did not start within expected time limit of 230s. Please inspect your container logs for more details., Details: Container app-evangelista-backend-19863 successfully created and is running., DetailsLevel: INFO
2026-05-21T22:57:56.4320789Z Container start method finished after 2779 ms.
2026-05-21T22:57:56.4322891Z State: Starting, Action: InitiatingSiteWarmUpProbe, LastError: ContainerTimeout, LastErrorTimestamp: 05/21/2026 22:01:13, LastErrorDetails: Container did not start within expected time limit of 230s. Please inspect your container logs for more details., Details: Container app-evangelista-backend-19863 successfully created and is running., DetailsLevel: INFO
2026-05-21T22:57:56.4433903Z State: Starting, Action: WaitingForSiteWarmUpProbeSuccess, LastError: ContainerTimeout, LastErrorTimestamp: 05/21/2026 22:01:13, LastErrorDetails: Container did not start within expected time limit of 230s. Please inspect your container logs for more details., Details: Pinging warmup path to ensure container is ready to receive requests., DetailsLevel: INFO
2026-05-21T22:59:45.7120273Z Container has finished running with exit code: 1.
2026-05-21T22:59:45.7182288Z Container is terminating. Grace period: 5 seconds.
2026-05-21T22:59:45.7549559Z Stop and delete container. Retry count = 0
2026-05-21T22:59:45.7566193Z Stopping container: c63e809400ee_app-evangelista-backend-19863.
2026-05-21T22:59:45.8499731Z Deleting container: c63e809400ee_app-evangelista-backend-19863. Retry count = 0
2026-05-21T22:59:52.8019466Z Container spec TerminationMessagePolicy  path 
2026-05-21T22:59:52.8221702Z Container is terminated. Total time elapsed: 7093 ms.
2026-05-21T22:59:52.8232426Z Site container: app-evangelista-backend-19863 terminated during site startup.
2026-05-21T22:59:52.8409168Z State: Stopping, Action: CancellingStartup, LastError: ContainerTimeout, LastErrorTimestamp: 05/21/2026 22:01:13, LastErrorDetails: Container did not start within expected time limit of 230s. Please inspect your container logs for more details., Details: Site container: app-evangelista-backend-19863 terminated during site startup. Cancelling site startup., DetailsLevel: ERR
2026-05-21T22:59:53.1537950Z Site startup probe failed after 116.5075422 seconds.
2026-05-21T22:59:53.4960191Z State: Stopping, Action: CancellingStartup, LastError: ContainerTimeout, LastErrorTimestamp: 05/21/2026 22:59:53, LastErrorDetails: Container did not start within expected time limit of 230s. Please inspect your container logs for more details., Details: Site container: app-evangelista-backend-19863 terminated during site startup. Cancelling site startup., DetailsLevel: ERR
2026-05-21T22:59:53.5752341Z Failed to start site. Revert by stopping site.
2026-05-21T22:59:53.5845169Z State: Stopping, Action: StoppingSite, LastError: ContainerTimeout, LastErrorTimestamp: 05/21/2026 22:59:53, LastErrorDetails: Container did not start within expected time limit of 230s. Please inspect your container logs for more details., Details: Site container: app-evangelista-backend-19863 terminated during site startup. Cancelling site startup., DetailsLevel: ERR
2026-05-21T22:59:53.5866594Z State: Stopping, Action: StoppingSiteContainers, LastError: ContainerTimeout, LastErrorTimestamp: 05/21/2026 22:59:53, LastErrorDetails: Container did not start within expected time limit of 230s. Please inspect your container logs for more details., Details: Site container: app-evangelista-backend-19863 terminated during site startup. Cancelling site startup., DetailsLevel: ERR
2026-05-21T22:59:53.5871746Z Site: app-evangelista-backend-19863 stopped.
